Time [mS], AccX [mg],AccY [mg],AccZ [mg],GyroX [mdps],GyroY [mdps],GyroZ [mdps],MagX [mgauss],MagY [mgauss],MagZ [mgauss]
14964, 11, 965, 236, -2380, 1820, 4480, -688, 324, -88
14965, 10, 970, 238, -1750, 980, 5040, -685, 324, -84
14966, 18, 975, 243, -1750, 980, 4410, -687, 328, -85
14967, 25, 977, 243, -2310, 1470, 3920, -679, 336, -84
14968, 0, 972, 227, 770, -4620, 210, -679, 325, -84
14969, 30, 970, 250, 350, -2730, -140, -673, 324, -82
14970, 23, 968, 222, -70, -560, 0, -682, 328, -90
14971, 48, 970, 228, 560, -1470, 140, -681, 330, -79
14972, 51, 972, 228, 210, 280, 490, -687, 337, -87
14973, 30, 973, 218, -280, 1820, 910, -673, 325, -85
14974, 29, 972, 212, -280, 2240, 1120, -687, 325, -84
14975, 39, 971, 211, -350, 2380, 1190, -691, 322, -87
14976, 48, 970, 208, -350, 2660, 1120, -684, 328, -78
14977, 53, 972, 214, -140, 2870, 910, -678, 325, -84
14978, 42, 978, 217, -140, 3500, 910, -685, 324, -88
14979, 38, 976, 218, -490, 4130, 840, -687, 324, -82
14980, 37, 974, 220, -560, 4130, 560, -690, 330, -85
14981, 38, 972, 224, -420, 4130, 420, -684, 324, -85
14982, 44, 969, 225, -280, 3920, 70, -673, 319, -79
14983, 43, 970, 228, -70, 3360, -70, -676, 330, -84
14984, 31, 973, 224, -70, 3360, -70, -684, 330, -90
14985, 24, 975, 226, 350, 2380, -210, -679, 327, -87
14986, 25, 976, 229, 560, 1750, -280, -688, 330, -82
14987, 36, 975, 228, 280, 1960, -420, -690, 331, -81
14988, 30, 974, 226, 210, 1820, -490, -682, 327, -82
14989, 21, 973, 224, 280, 1190, -560, -690, 325, -84
14990, 17, 973, 223, 420, 420, -700, -693, 318, -88
14991, 17, 974, 221, 350, -350, -770, -693, 330, -84
14992, 24, 973, 219, 420, -560, -770, -678, 319, -84
14993, 24, 975, 219, 280, -420, -700, -685, 322, -82
14994, 19, 976, 218, 210, -140, -560, -693, 336, -87
14995, 19, 975, 218, 0, 280, -420, -682, 322, -72
14996, 21, 971, 218, -420, 1680, -140, -688, 327, -81
14997, 18, 970, 215, -350, 1890, 0, -682, 328, -82
14998, 15, 972, 215, -70, 1120, 70, -682, 336, -88
14999, 19, 974, 216, 350, 280, 0, -693, 334, -91
15000, 22, 974, 220, 490, -70, -70, -688, 324, -85
15001, 26, 970, 223, 560, 140, -140, -679, 319, -85
15002, 29, 969, 225, 630, 280, -140, -681, 327, -81
15003, 34, 970, 230, 420, 980, 0, -691, 327, -78
15004, 32, 969, 227, 420, 1400, 0, -676, 321, -79
15005, 29, 970, 234, 420, 2030, 70, -685, 328, -84
15006, 29, 968, 235, 560, 2170, 0, -675, 325, -81
15007, 34, 966, 238, 630, 2380, 0, -688, 333, -84
15008, 40, 965, 238, 700, 2450, -140, -684, 330, -84
15009, 42, 966, 242, 700, 2660, -350, -684, 331, -85
15010, 45, 968, 247, 210, 4130, -350, -685, 324, -87
15011, 42, 969, 245, 280, 4130, -420, -682, 336, -91
15012, 46, 970, 246, 280, 4410, -490, -675, 331, -78
15013, 41, 970, 244, 560, 4200, -630, -682, 322, -90
15014, 38, 972, 244, 490, 4620, -630, -685, 324, -72
15015, 29, 972, 243, 350, 4830, -840, -681, 331, -81
15016, 26, 973, 238, 560, 4200, -980, -684, 321, -91
15017, 23, 973, 239, 560, 3990, -1050, -685, 322, -85
15018, 20, 973, 238, 560, 3850, -1120, -684, 324, -90
15019, 13, 972, 232, 350, 3570, -1120, -682, 333, -88
15020, 10, 970, 231, 210, 3150, -1120, -679, 325, -85
15021, 6, 969, 229, 140, 2590, -1120, -684, 322, -82
15022, 0, 970, 227, 70, 1890, -1050, -687, 331, -87
15023, -1, 972, 225, 140, 1190, -1050, -690, 328, -82
15024, 4, 978, 225, 0, 210, -840, -688, 328, -87
15025, 7, 980, 224, -70, -210, -700, -682, 321, -90
15026, 7, 979, 224, -140, -140, -630, -678, 324, -94
15027, 6, 976, 221, -350, 210, -420, -682, 325, -82
15028, 9, 973, 221, -700, 840, -210, -679, 325, -87
15029, 10, 967, 217, -700, 560, 0, -684, 324, -99
15030, 25, 971, 235, -490, -140, 0, -684, 327, -94
15031, 7, 974, 207, -350, -560, 70, -681, 327, -87
15032, 9, 972, 212, -420, -70, 210, -684, 328, -85
15033, 19, 976, 218, 0, -980, 140, -679, 318, -88
15034, 17, 974, 217, -70, -1050, 140, -681, 321, -91
15035, 23, 974, 226, 70, -1400, 70, -679, 319, -87
15036, 19, 972, 221, -70, -1330, 70, -691, 321, -90
15037, 21, 972, 225, -70, -1610, 70, -685, 327, -79
15038, 18, 975, 225, -210, -1820, 70, -691, 330, -85
15039, 19, 975, 226, -280, -1750, 140, -676, 327, -99
15040, 22, 976, 225, -280, -1540, 140, -682, 322, -88
15041, 22, 974, 223, -140, -1400, 210, -684, 328, -91
15042, 23, 971, 222, 70, -910, 420, -688, 328, -82
15043, 22, 972, 223, 70, -420, 490, -690, 325, -82
15044, 22, 974, 222, 0, -70, 630, -679, 336, -88
15045, 25, 975, 224, 70, 70, 630, -685, 327, -93
15046, 25, 975, 224, 70, 280, 630, -681, 327, -79
15047, 23, 974, 224, -210, 770, 700, -676, 322, -81
15048, 24, 973, 223, -280, 700, 630, -681, 325, -96
15049, 25, 972, 223, -280, 630, 630, -678, 325, -94
15050, 26, 971, 225, -420, 700, 630, -688, 321, -87
15051, 28, 973, 225, -350, 770, 630, -693, 327, -84
15052, 28, 975, 225, -280, 700, 630, -685, 322, -88
15053, 27, 974, 224, -140, 490, 560, -676, 327, -84
15054, 27, 972, 227, -140, 490, 420, -681, 324, -87
15055, 25, 970, 225, -140, 210, 420, -675, 327, -90
15056, 27, 969, 225, 140, -630, 140, -690, 321, -94
15057, 29, 971, 227, 210, -770, 70, -681, 325, -81
15058, 28, 973, 228, 140, -700, 0, -682, 324, -90
15059, 25, 974, 227, 210, -770, 0, -681, 325, -85
15060, 26, 974, 229, 210, -770, -70, -691, 325, -90
15061, 26, 972, 230, 210, -700, -140, -681, 321, -85
15062, 24, 969, 229, 280, -840, -140, -679, 330, -93
15063, 23, 968, 229, 280, -980, -210, -685, 327, -84
15064, 20, 969, 231, 280, -1190, -210, -684, 327, -88
15065, 19, 971, 232, 280, -1260, -140, -682, 322, -88
15066, 19, 973, 233, 70, -1470, -140, -678, 324, -87
15067, 19, 973, 236, 0, -1470, -70, -684, 313, -81
15068, 18, 972, 234, -70, -1330, 0, -682, 334, -94
15069, 18, 972, 232, -70, -1470, 70, -685, 324, -78
15070, 19, 971, 234, -140, -1260, 210, -682, 321, -79
15071, 20, 973, 229, -70, -1470, 280, -687, 327, -79
15072, 22, 973, 227, 140, -1680, 280, -682, 321, -84
15073, 25, 973, 226, 210, -1820, 280, -679, 324, -87
15074, 26, 973, 223, 350, -1890, 350, -693, 321, -78
15075, 24, 974, 221, 210, -1610, 420, -681, 327, -84
15076, 25, 974, 220, 140, -1400, 420, -693, 324, -85
15077, 24, 974, 221, 70, -1120, 420, -675, 328, -84
15078, 25, 974, 220, -70, -840, 420, -685, 324, -79
15079, 26, 973, 221, -210, -700, 560, -679, 324, -84
15080, 27, 970, 224, 70, -630, 490, -682, 327, -87
15081, 29, 969, 225, 140, -490, 490, -696, 334, -73
15082, 31, 969, 227, 210, -490, 490, -690, 331, -87
15083, 31, 970, 229, 280, -630, 560, -681, 327, -94
15084, 29, 973, 231, 280, -490, 560, -676, 318, -87
15085, 27, 974, 230, 140, -280, 490, -681, 331, -85
15086, 28, 974, 231, 210, -210, 560, -681, 319, -82
15087, 27, 973, 228, 140, -210, 560, -682, 334, -84
15088, 28, 972, 228, 70, -210, 490, -697, 327, -79
15089, 27, 971, 224, -70, -140, 490, -688, 324, -81
15090, 27, 972, 225, -70, -210, 490, -681, 328, -81
15091, 27, 972, 225, -70, -210, 490, -679, 331, -79
15092, 27, 974, 224, 70, -140, 490, -684, 322, -87
15093, 27, 974, 224, 70, 140, 490, -691, 322, -73
15094, 27, 973, 224, -70, 280, 630, -679, 318, -93
15095, 29, 973, 225, 0, 490, 560, -676, 330, -82
15096, 29, 975, 226, -70, 490, 630, -678, 319, -78
15097, 29, 973, 225, -140, 280, 560, -678, 312, -78
15098, 28, 974, 223, -70, -350, 420, -685, 319, -88
15099, 29, 973, 222, -70, -700, 350, -667, 330, -84
15100, 29, 974, 224, -140, -1050, 280, -684, 328, -96
15101, 30, 974, 222, -140, -1190, 210, -690, 333, -82
15102, 30, 975, 221, -280, -1260, 140, -679, 327, -85
15103, 31, 976, 219, -280, -1050, 140, -688, 330, -85
15104, 31, 975, 221, -420, -630, 210, -682, 321, -93
15105, 30, 974, 220, -490, -140, 210, -688, 325, -79
15106, 28, 972, 222, -560, 70, 350, -684, 325, -87
15107, 27, 972, 222, -420, 210, 420, -687, 327, -78
15108, 25, 970, 227, -210, -70, 700, -693, 315, -82
15109, 25, 971, 228, -140, -140, 840, -678, 322, -84
15110, 26, 972, 229, -70, -350, 770, -685, 331, -88
15111, 28, 972, 231, 0, -490, 770, -681, 324, -79
15112, 30, 973, 232, 70, -840, 490, -678, 324, -81
15113, 32, 973, 232, -70, -700, 350, -687, 331, -88
15114, 32, 971, 231, -140, -630, 350, -681, 324, -84
15115, 34, 971, 230, -140, -630, 280, -684, 327, -78
15116, 33, 972, 230, -140, -700, 280, -691, 322, -87
15117, 32, 972, 225, -210, -420, 210, -675, 324, -85
15118, 32, 973, 225, -140, -420, 280, -685, 322, -81
15119, 34, 971, 224, -70, -280, 280, -696, 327, -75
15120, 36, 969, 223, -70, -140, 280, -684, 325, -91
15121, 38, 969, 224, 0, 280, 350, -682, 319, -85
15122, 34, 969, 225, 0, 980, 420, -682, 325, -90
15123, 32, 970, 226, 70, 1050, 420, -687, 328, -82
15124, 30, 971, 227, 70, 980, 420, -685, 321, -91
15125, 29, 972, 230, 70, 770, 420, -691, 324, -90
15126, 27, 972, 235, 210, 350, 280, -694, 327, -88
15127, 28, 973, 235, 210, 140, 210, -684, 331, -81
15128, 29, 973, 235, 210, -140, 210, -688, 328, -84
15129, 28, 971, 234, 280, -280, 140, -688, 330, -85
15130, 30, 972, 234, 140, -280, 140, -687, 315, -93
15131, 32, 974, 231, -70, 210, 280, -682, 324, -88
15132, 33, 976, 228, -280, 420, 280, -675, 324, -82
15133, 34, 975, 226, -350, 700, 350, -688, 319, -88
15134, 34, 974, 222, -490, 840, 280, -690, 331, -84
15135, 35, 971, 219, -420, 980, 350, -682, 325, -85
15136, 35, 968, 214, -490, 630, 350, -687, 324, -105
15137, 36, 968, 214, -280, 210, 280, -682, 334, -79
15138, 31, 972, 210, -210, -210, 70, -691, 313, -90
15139, 33, 974, 214, -420, -420, -140, -682, 322, -88
15140, 25, 977, 220, -840, -700, -420, -694, 321, -81
15141, 19, 977, 215, -840, -2030, -770, -682, 321, -79
15142, 18, 978, 218, -630, -2870, -1120, -694, 333, -85
15143, 33, 973, 225, -630, -2380, -1610, -684, 325, -87
15144, 31, 969, 222, -350, -1120, -700, -694, 321, -87
15145, 28, 968, 226, -210, -560, 70, -685, 331, -93
15146, 24, 969, 226, -140, -350, 210, -679, 322, -94
15147, 21, 971, 228, -70, -210, 280, -682, 327, -91
15148, 24, 972, 230, 70, -280, 350, -678, 336, -78
15149, 28, 971, 233, 140, -280, 420, -679, 327, -85
15150, 32, 968, 237, 280, -420, 490, -687, 330, -90
15151, 32, 967, 240, 350, -420, 420, -684, 327, -85
15152, 31, 966, 244, 420, -490, 420, -691, 333, -85
15153, 35, 966, 246, 420, -560, 420, -685, 325, -85
15154, 44, 971, 251, 280, -490, 210, -687, 318, -88
15155, 47, 973, 250, 210, -350, 140, -682, 322, -91
15156, 45, 974, 248, 70, -210, 70, -682, 331, -90
15157, 43, 972, 246, 0, -70, 0, -682, 319, -85
15158, 41, 972, 243, -140, -70, -70, -691, 333, -79
15159, 43, 970, 234, -140, 280, -210, -685, 328, -87
15160, 43, 971, 229, -140, 490, -280, -685, 312, -94
15161, 42, 972, 225, -70, 560, -280, -690, 331, -88
15162, 38, 973, 222, -70, 630, -420, -690, 319, -84
15163, 36, 973, 219, 0, 560, -490, -687, 330, -88
15164, 36, 972, 216, 0, 630, -560, -691, 331, -79
15165, 34, 971, 216, 70, 560, -560, -687, 322, -79
15166, 29, 973, 214, 140, 560, -560, -684, 328, -76
15167, 26, 973, 214, 140, 420, -560, -682, 328, -82
15168, 23, 971, 217, 210, 210, -490, -684, 319, -82
15169, 23, 971, 219, 210, 280, -490, -685, 324, -85
15170, 25, 972, 221, 140, 280, -350, -696, 327, -87
15171, 24, 974, 223, 210, 140, -280, -691, 331, -87
15172, 24, 973, 225, 210, 140, -280, -681, 322, -90
15173, 24, 972, 227, 140, -280, -280, -696, 328, -85
15174, 26, 973, 229, 70, -490, -280, -685, 321, -82
15175, 28, 973, 231, 70, -560, -210, -688, 328, -84
15176, 30, 973, 230, 70, -560, -210, -682, 330, -82
15177, 31, 972, 232, 70, -700, -280, -690, 325, -90
15178, 32, 974, 233, 70, -630, -280, -690, 322, -81
15179, 35, 973, 232, -70, -630, -280, -690, 325, -79
15180, 37, 971, 230, 0, -560, -280, -679, 309, -85
15181, 39, 970, 230, -70, -490, -350, -687, 327, -82
15182, 43, 974, 227, -70, -420, -490, -691, 325, -85
15183, 44, 976, 227, -70, -210, -630, -685, 316, -81
15184, 47, 978, 226, -70, -210, -770, -685, 324, -81
15185, 50, 979, 226, -70, 70, -910, -687, 322, -87
15186, 49, 980, 225, 70, 560, -840, -684, 327, -79
15187, 37, 978, 225, 70, 2240, -700, -685, 319, -84
15188, 29, 979, 225, 140, 2940, -560, -682, 322, -84
15189, 29, 981, 224, 210, 3500, -490, -694, 331, -76
15190, 32, 981, 224, 280, 3990, -420, -682, 327, -79
15191, 39, 978, 226, 280, 4480, -490, -694, 328, -81
15192, 37, 976, 228, 350, 4340, -490, -679, 327, -78
15193, 35, 976, 230, 350, 4060, -630, -690, 330, -75
15194, 35, 975, 232, 350, 3500, -840, -688, 324, -88
15195, 34, 972, 237, 420, 2800, -1120, -688, 340, -88
15196, 37, 970, 247, 420, 980, -1750, -687, 322, -82
15197, 41, 971, 251, 420, 140, -2100, -687, 319, -88
15198, 48, 970, 255, 350, -420, -2450, -690, 322, -90
15199, 53, 969, 257, 280, -700, -2800, -685, 316, -81
15200, 55, 968, 260, 70, -980, -3150, -688, 328, -82
15201, 62, 965, 260, -350, -1120, -3850, -679, 325, -84
15202, 66, 967, 259, -350, -980, -4200, -685, 315, -91
15203, 59, 968, 254, -630, -560, -4480, -679, 325, -85
15204, 50, 966, 251, -840, -420, -4830, -687, 325, -91
15205, 34, 963, 244, -840, -210, -5040, -684, 337, -91
15206, 22, 961, 237, -840, -140, -5110, -684, 328, -87
15207, 23, 959, 233, -840, -210, -5180, -687, 330, -81
15208, 15, 964, 225, -700, -490, -5320, -681, 325, -87
15209, 17, 968, 220, -770, -1120, -5390, -687, 327, -79
15210, 17, 970, 215, -630, -1330, -5460, -679, 331, -76
15211, 16, 966, 215, -490, -1540, -5460, -688, 325, -84
15212, 8, 966, 213, -280, -1680, -5460, -675, 327, -90
15213, 0, 967, 212, -140, -2240, -5530, -675, 327, -81
15214, 7, 964, 217, -140, -2940, -5530, -685, 324, -82
15215, 14, 966, 224, 70, -2100, -5250, -687, 330, -79
15216, 15, 967, 232, 280, -1470, -5180, -684, 328, -88
15217, 16, 972, 235, 350, -1120, -5110, -681, 328, -90
15218, 25, 971, 239, 420, -560, -5040, -684, 322, -90
15219, 13, 958, 241, 420, -70, -4900, -676, 331, -81
15220, 8, 964, 241, 210, -420, -4970, -675, 327, -84
15221, -3, 972, 244, 0, -770, -5040, -675, 328, -90
15222, -7, 976, 249, -70, -1540, -5110, -679, 325, -84
15223, -9, 975, 253, -70, -2310, -5180, -676, 322, -85
15224, -1, 975, 255, -140, -4270, -5460, -666, 333, -79
15225, 6, 973, 255, -140, -4830, -5530, -679, 328, -90
15226, 14, 963, 258, -140, -4830, -5530, -675, 324, -82
15227, 26, 952, 263, 0, -4130, -5600, -682, 322, -81
15228, 32, 950, 263, 70, -2940, -5600, -679, 331, -78
15229, 21, 962, 259, 70, -2170, -5600, -687, 336, -82
15230, 11, 969, 261, -210, -2240, -5670, -678, 334, -96
15231, 0, 966, 262, -280, -2450, -5810, -672, 328, -82
15232, -4, 962, 265, -420, -2590, -5810, -682, 325, -85
15233, -15, 960, 274, 70, -1120, -5250, -676, 328, -82
15234, -33, 972, 276, 280, -840, -5110, -676, 339, -75
15235, -35, 976, 279, 350, -1050, -4690, -672, 330, -85
15236, -34, 962, 285, 490, -1050, -4480, -681, 333, -82
15237, -20, 944, 294, 700, -700, -4130, -676, 331, -79
15238, -3, 937, 296, 1120, 1470, -3360, -679, 328, -87
15239, -5, 947, 298, 1190, 2310, -3150, -664, 331, -82
15240, 7, 955, 305, 1050, 2800, -3080, -678, 334, -82
15241, 6, 975, 301, 910, 3220, -3010, -670, 336, -82
15242, 19, 955, 332, 1050, 6720, -2660, -678, 333, -81
15243, -13, 929, 347, 1190, 7140, -2450, -678, 328, -79
15244, -13, 932, 350, 1050, 7280, -2310, -670, 336, -73
15245, -26, 952, 334, 1190, 7350, -1960, -670, 330, -76
15246, -49, 946, 345, 1260, 7420, -1820, -669, 334, -79
15247, -50, 923, 361, 1330, 5390, -1680, -669, 330, -87
15248, -38, 936, 372, 1400, 3990, -1540, -676, 333, -88
15249, -39, 953, 376, 1330, 3010, -1540, -678, 321, -79
15250, -26, 961, 380, 1330, 1750, -1470, -679, 325, -75
15251, -20, 947, 395, 1330, 980, -1470, -675, 328, -82
15252, -40, 935, 401, 1190, -1190, -1260, -670, 322, -82
15253, -33, 929, 401, 1120, -1680, -1190, -676, 325, -73
15254, -31, 920, 411, 1120, -1190, -980, -681, 331, -66
15255, -31, 916, 413, 1050, -980, -700, -682, 330, -73
15256, -23, 926, 415, 770, -840, -350, -676, 325, -75
15257, -21, 958, 427, 560, -910, -70, -678, 334, -72
15258, -12, 960, 434, 490, -1050, 70, -672, 330, -67
15259, -13, 957, 436, 420, -910, 140, -675, 331, -69
15260, -11, 942, 444, 420, -630, 140, -682, 315, -75
15261, -19, 925, 447, 560, -350, 350, -676, 324, -69
15262, -27, 917, 445, 560, -630, 490, -670, 327, -73
15263, -28, 905, 444, 560, -840, 490, -675, 330, -67
15264, -42, 906, 447, 490, -1190, 560, -675, 330, -69
15265, -35, 917, 442, 350, -2240, 560, -676, 330, -72
15266, -3, 915, 452, -70, -3850, 140, -675, 322, -75
15267, 14, 922, 470, -70, -3990, -140, -678, 324, -66
15268, 5, 904, 466, -70, -4200, -350, -688, 331, -76
15269, 38, 838, 540, -70, -4550, -140, -682, 328, -69
15270, -25, 772, 594, -1400, -5250, 490, -672, 319, -70
15271, -120, 1020, 765, -2520, -5950, -70, -678, 325, -72
15272, -156, 1177, 774, -3710, -6370, -210, -679, 327, -70
15273, -13, 1161, 708, -3430, -4410, 210, -675, 336, -67
15274, 6, 1203, 561, -1820, -3080, 770, -678, 318, -73
15275, 9, 869, 461, 490, -1750, 2380, -682, 327, -70
15276, -5, 739, 512, 280, -2170, 3010, -682, 327, -75
15277, -83, 622, 554, -560, -3150, 3220, -685, 328, -73
15278, -123, 566, 626, -1400, -3360, 2800, -681, 324, -72
15279, -95, 633, 657, -1890, -4130, 2590, -684, 327, -76
15280, 22, 906, 772, -3010, -6440, 2380, -693, 328, -66
15281, 55, 993, 819, -3500, -5880, 2660, -678, 319, -70
15282, 68, 1054, 849, -3780, -3360, 2940, -679, 318, -70
15283, 33, 1091, 865, -3850, -490, 3150, -679, 331, -70
15284, 1, 879, 806, -4200, 4830, 3920, -675, 328, -73
15285, -112, 730, 778, -4760, 3780, 4410, -682, 322, -78
15286, -128, 633, 751, -5110, 700, 4900, -679, 328, -69
15287, -161, 608, 734, -5460, -3010, 5390, -682, 313, -67
15288, -147, 865, 681, -5600, -7770, 5670, -675, 322, -70
15289, -61, 964, 789, -5880, -11970, 5670, -687, 336, -57
15290, -64, 1033, 819, -5390, -13020, 5460, -687, 322, -75
15291, -22, 1015, 800, -5110, -16240, 4480, -688, 333, -63
15292, 11, 838, 670, -4620, -16800, 4060, -684, 333, -75
15293, -5, 647, 560, -4200, -17150, 4270, -699, 327, -64
15294, -101, 494, 485, -5040, -21490, 3500, -679, 324, -72
15295, -87, 695, 485, -4060, -22890, 2940, -699, 330, -61
15296, 61, 1007, 510, -3640, -22120, 2450, -690, 324, -61
15297, 76, 1015, 524, -3360, -18900, 1820, -688, 327, -63
15298, 85, 988, 470, -2870, -18970, 70, -690, 330, -58
15299, 25, 878, 406, -3710, -19250, -560, -694, 330, -55
15300, 16, 722, 425, -3850, -18340, -840, -696, 328, -73
15301, -75, 652, 481, -3640, -18830, -1610, -694, 327, -61
15302, -36, 627, 542, -2870, -18900, -1400, -690, 339, -75
15303, -29, 895, 514, -770, -14350, -490, -690, 337, -63
15304, -18, 886, 537, -1050, -8890, 280, -694, 331, -64
15305, -72, 965, 421, -1050, -8820, 280, -702, 331, -64
15306, 41, 972, 414, -1400, -6230, 490, -699, 340, -64
15307, 50, 1056, 275, -1680, -1750, 350, -694, 337, -52
15308, 241, 1139, 319, -2380, 8890, 280, -696, 337, -63
15309, 255, 1226, 387, -1960, 12880, -210, -700, 357, -57
15310, 283, 1359, 324, -3290, 16450, -1260, -693, 340, -55
15311, 223, 1320, 269, -5250, 19180, -2450, -697, 337, -72
15312, 188, 1149, 221, -7840, 23660, -5180, -696, 342, -61
15313, 102, 996, 196, -8470, 23100, -5950, -700, 343, -60
15314, 117, 894, 215, -8540, 19320, -6440, -696, 339, -63
15315, 61, 952, 206, -9240, 16100, -7000, -708, 345, -64
15316, 18, 952, 206, -9450, 13440, -7420, -696, 345, -70
15317, -20, 838, 155, -7560, 5110, -8540, -699, 337, -58
15318, -54, 372, 117, -6160, 4060, -8540, -694, 342, -67
15319, -1, 461, 158, -2380, -140, -9100, -705, 337, -58
15320, -36, 991, 56, 1050, -2030, -9030, -700, 342, -72
15321, -34, 1210, 51, 2940, -1260, -7560, -699, 340, -67
15322, -99, 1301, 73, 6860, 5950, -4060, -699, 339, -64
15323, -85, 1227, 146, 7280, 9660, -2380, -690, 342, -67
15324, -33, 1096, 184, 8050, 10990, -1680, -697, 340, -67
15325, 0, 1063, 184, 7350, 10920, -1890, -699, 340, -67
15326, 102, 928, 252, 3360, 11340, -1260, -696, 352, -72
15327, 22, 972, 305, 1050, 11410, -700, -697, 337, -76
15328, -20, 958, 334, -980, 11270, -350, -697, 340, -70
15329, -70, 901, 337, -2660, 10850, 140, -696, 351, -79
15330, 38, 1062, 326, -2450, 9870, -140, -700, 337, -78
15331, 137, 1089, 267, -2800, 9590, 280, -697, 352, -73
15332, 83, 1124, 244, -1890, 11200, 0, -697, 346, -70
15333, 21, 909, 350, -1330, 13020, -70, -699, 343, -79
15334, 19, 808, 284, 210, 13930, -630, -702, 348, -75
15335, -4, 888, 287, 1890, 14070, -700, -703, 336, -84
15336, 57, 916, 253, 3920, 13160, -490, -696, 346, -78
15337, 71, 798, 365, 4620, 11830, -770, -699, 340, -81
15338, 78, 706, 374, 5110, 9940, -1120, -700, 343, -67
15339, 31, 831, 273, 5600, 8820, -1680, -696, 337, -79
15340, -55, 968, 363, 3920, 7280, -2100, -702, 352, -72
15341, 29, 1133, 356, 3150, 6790, -1680, -700, 349, -84
15342, 35, 1158, 429, 1820, 8890, -1330, -703, 354, -85
15343, 5, 1151, 452, 910, 9170, -1260, -696, 355, -81
15344, -48, 1011, 431, -140, 7210, -1540, -694, 348, -90
15345, -34, 554, 388, -1680, 840, -2730, -697, 352, -78
15346, -140, 447, 416, -1470, -1960, -3290, -696, 342, -81
15347, -132, 749, 437, -910, -5950, -3220, -700, 351, -78
15348, -64, 1028, 387, -420, -7210, -3010, -697, 348, -84
15349, -34, 1135, 429, -420, -3990, -1260, -696, 358, -73
15350, -29, 955, 513, 420, -2240, -700, -700, 343, -87
15351, -38, 845, 540, 1260, -1050, -630, -694, 351, -69
15352, -22, 778, 481, 2170, -210, -210, -685, 342, -84
15353, 21, 981, 414, 3360, 2170, 350, -693, 343, -73
15354, 52, 1088, 474, 3710, 8050, 1960, -691, 343, -79
15355, 62, 1118, 494, 3080, 12950, 2870, -694, 339, -73
15356, 10, 1026, 443, 2240, 15960, 3710, -700, 343, -81
15357, 25, 841, 424, 1540, 17500, 4410, -699, 342, -81
15358, 49, 846, 372, 420, 18340, 4900, -703, 334, -84
15359, 37, 607, 397, -6510, 14980, 4760, -702, 345, -76
15360, -19, 364, 505, -8890, 12180, 3990, -699, 343, -75
15361, -1, 532, 564, -7490, 5040, 3010, -691, 348, -79
15362, -28, 992, 506, -5670, -1190, 2240, -706, 340, -84
15363, -47, 1540, 310, -6020, -7420, 2730, -694, 339, -81
15364, -56, 1058, 240, -6510, -3920, 2730, -691, 337, -93
15365, -2, 627, 311, -4900, -2590, 2310, -690, 337, -91
15366, 50, 554, 153, -1750, -3080, 1820, -699, 343, -84
15367, 91, 826, 47, 560, -6160, 1750, -703, 342, -85
15368, -191, 860, 236, 1050, -10150, 1260, -702, 330, -93
15369, -143, 730, 379, 1400, -15260, 420, -706, 343, -79
15370, -151, 789, 421, 1680, -17150, -910, -699, 340, -79
15371, -101, 916, 392, 630, -17920, -1330, -700, 342, -84
15372, 11, 937, 336, -1120, -16940, -560, -706, 339, -93
15373, -40, 829, 452, -4760, -7070, 1470, -693, 348, -87
15374, -26, 1001, 432, -5950, -2730, 2800, -702, 343, -93
15375, 46, 1319, 416, -7350, 3150, 4200, -700, 349, -90
15376, 0, 1502, 305, -8120, 8330, 5460, -697, 339, -84
15377, 8, 1554, 138, -9100, 12880, 7560, -700, 355, -84
15378, -20, 1177, 202, -9380, 12250, 8050, -700, 343, -94
15379, -129, 847, 261, -9730, 8890, 7560, -705, 355, -90
15380, 12, 810, 268, -9450, 4200, 7770, -706, 355, -84
15381, -86, 487, 223, -8470, -700, 7070, -706, 345, -88
15382, -89, 432, 227, -4620, -8960, 6510, -709, 340, -90
15383, 58, 703, 285, -1750, -10640, 6160, -697, 343, -88
15384, -134, 1014, 305, 1330, -9520, 5880, -697, 337, -93
15385, 11, 1286, 230, 2590, -7630, 5950, -712, 342, -87
15386, -51, 1237, 263, 3920, -5110, 6160, -703, 351, -97
15387, 80, 1073, 229, 6510, -280, 7280, -706, 339, -87
15388, 90, 1150, 224, 7280, 2800, 7910, -705, 342, -84
15389, 37, 1041, 229, 7070, 4480, 7630, -709, 340, -102
15390, 31, 933, 266, 6650, 5740, 7070, -706, 334, -87
15391, 117, 991, 427, 1750, 4200, 4410, -708, 336, -91
15392, 128, 735, 355, 280, 560, 3150, -715, 339, -102
15393, 166, 641, 377, 0, 1050, 2030, -714, 336, -93
15394, 114, 906, 408, -420, 2520, 770, -702, 339, -103
15395, 108, 1278, 197, -1050, 3430, -140, -703, 340, -91
15396, 111, 1122, 383, -840, -70, -1400, -712, 351, -96
15397, 41, 907, 376, 0, 350, -2660, -705, 336, -91
15398, 100, 909, 182, 3220, -700, -3430, -702, 339, -100
15399, 101, 867, 205, 5040, 1190, -4550, -702, 336, -100
15400, 135, 818, 245, 6090, 2100, -5110, -712, 340, -112
15401, 178, 714, 333, 9100, 6860, -7070, -699, 342, -112
15402, 188, 891, 303, 9730, 10500, -8050, -702, 340, -106
15403, 208, 950, 223, 9450, 13580, -8960, -708, 343, -93
15404, 206, 859, 289, 9030, 14700, -9660, -705, 333, -103
15405, 120, 954, 290, 7980, 17850, -11830, -703, 346, -97
15406, 220, 1175, 231, 7210, 18340, -12460, -703, 357, -103
15407, 221, 1190, 249, 5180, 19740, -13230, -711, 342, -94
15408, 172, 990, 367, 4130, 22680, -13440, -699, 349, -103
15409, 198, 926, 320, 3500, 25480, -13580, -708, 348, -91
15410, 171, 1023, 202, 4270, 34230, -13160, -708, 358, -102
15411, 177, 1072, 191, 3990, 40110, -11970, -702, 345, -102
15412, 154, 907, 375, 3920, 45150, -10430, -703, 339, -100
15413, 93, 868, 371, 4480, 48370, -8540, -697, 342, -102
15414, 55, 851, 322, 3710, 50190, -7000, -699, 346, -102
15415, 38, 786, 459, 0, 51870, -4060, -691, 351, -108
15416, 64, 865, 531, -1050, 51240, -2800, -709, 339, -106
15417, 58, 952, 493, -2660, 51170, -1260, -697, 337, -109
15418, 73, 1018, 438, -4060, 49630, 280, -702, 340, -112
15419, 44, 868, 478, -4270, 46620, 3430, -694, 336, -118
15420, 42, 954, 361, -1960, 43260, 5040, -700, 346, -121
15421, 34, 1142, 307, -700, 41790, 6370, -702, 340, -133
15422, -37, 1072, 224, 70, 39620, 7560, -702, 342, -118
15423, -2, 902, 456, 840, 37730, 8610, -699, 346, -127
15424, 58, 817, 375, 1050, 31640, 9520, -702, 336, -130
15425, -44, 773, 418, 210, 26670, 9590, -706, 331, -142
15426, 32, 759, 503, -840, 23030, 10430, -702, 340, -138
15427, -96, 988, 386, -1540, 17360, 9940, -702, 340, -141
15428, -35, 1143, 427, -2450, 12250, 10920, -696, 339, -150
15429, -81, 1210, 417, -4690, 4760, 11900, -700, 340, -141
15430, -75, 1189, 413, -5250, 630, 12110, -696, 345, -150
15431, -443, 910, 502, -6160, -6090, 11340, -703, 345, -144
15432, -392, 691, 683, -7490, -11060, 9940, -703, 343, -145
15433, 160, 940, 396, -8050, -22540, 12180, -700, 352, -144
15434, -55, 959, 246, -8680, -24360, 14210, -700, 342, -145
15435, -337, 804, 233, -7490, -23310, 14700, -706, 349, -136
15436, -554, 669, 217, -5460, -25970, 14070, -696, 340, -144
15437, -400, 673, 196, -3150, -26950, 13090, -711, 331, -132
15438, 75, 983, 381, -1470, -33040, 13020, -700, 322, -130
15439, -30, 1130, 423, -1540, -35560, 12530, -705, 334, -127
15440, 38, 1413, 314, -1680, -40880, 12530, -709, 336, -132
15441, -165, 1338, 226, -2940, -40740, 11270, -709, 319, -133
15442, -128, 1070, 319, -3010, -44800, 8540, -697, 327, -121
15443, -160, 954, 299, -3710, -45850, 6090, -705, 324, -130
15444, -190, 751, 329, -4690, -48790, 4410, -697, 325, -120
15445, -66, 577, 339, -4340, -48370, 3290, -709, 330, -111
15446, -98, 364, 438, -3360, -46690, 2380, -706, 319, -120
15447, -234, 683, 375, 560, -39900, 1890, -700, 319, -114
15448, -42, 989, 365, 1890, -34580, 1750, -709, 324, -111
15449, -24, 1497, 257, 3780, -26180, 3080, -702, 324, -115
15450, 5, 1469, 458, 4970, -19880, 4200, -697, 328, -115
15451, -135, 1318, 267, 5180, -19110, 4410, -705, 328, -106
15452, -65, 1049, 234, 2590, -20580, 3080, -702, 324, -106
15453, -77, 950, 271, 770, -21840, 2310, -699, 324, -102
15454, -21, 1165, 263, -1120, -33040, 560, -711, 333, -100
15455, -22, 1227, 202, -4830, -34510, 70, -702, 336, -103
15456, -20, 1259, 158, -7280, -29610, -1120, -706, 336, -90
15457, -37, 1061, 242, -7420, -24920, -980, -712, 337, -88
15458, 30, 779, 214, -7770, -15960, -1050, -712, 340, -91
15459, 0, 638, 237, -5600, -7700, -490, -705, 345, -93
15460, 40, 680, 276, -3080, 1470, 490, -717, 334, -87
15461, 217, 683, 299, 700, 16100, 3500, -706, 321, -93
15462, 202, 784, 283, 2660, 24920, 5460, -715, 336, -91
15463, 54, 807, 378, 5110, 32480, 6860, -715, 336, -96
15464, 73, 734, 384, 6370, 35280, 7840, -714, 331, -96
15465, 119, 872, 264, 6580, 36890, 8050, -721, 331, -100
15466, 194, 976, 391, 7210, 34790, 8540, -717, 327, -88
15467, 164, 986, 294, 7280, 29190, 8540, -720, 328, -94
15468, 221, 1065, 287, 6300, 23800, 7980, -717, 337, -96
15469, 99, 1190, 249, 4480, 18060, 7700, -721, 330, -91
15470, 74, 1283, 265, 1540, 6370, 5250, -720, 331, -106
15471, 152, 1609, 287, -3430, 1470, 3780, -724, 331, -88
15472, 31, 1268, 396, -8470, -7700, 2590, -730, 327, -96
15473, 235, 683, 654, -12460, -12460, 1120, -720, 322, -94
15474, 15, 730, 378, -14910, -17220, -560, -732, 331, -96
15475, -92, 458, 445, -16310, -21770, -4130, -720, 336, -96
15476, -38, 358, 310, -11830, -21770, -4970, -727, 339, -103
15477, -149, 417, 214, -4620, -17780, -5320, -730, 334, -90
15478, 126, 443, 321, 630, -18130, -4270, -730, 348, -100
15479, -20, 670, 52, 7280, -8330, -3360, -723, 340, -111
15480, -8, 1083, 97, 20160, 420, -1120, -738, 342, -106
15481, 20, 1315, 78, 21770, 420, -140, -729, 342, -103
15482, 0, 1119, 155, 21490, -1260, -1120, -723, 346, -97
15483, 57, 1085, 295, 20370, -6650, -2030, -738, 345, -84
15484, 3, 940, 338, 10150, -17850, -4970, -733, 346, -78
15485, 119, 960, 443, 8960, -19040, -5810, -738, 343, -67
15486, -120, 1185, 547, 4620, -21770, -6860, -733, 346, -73
15487, -61, 1249, 436, -70, -25130, -8400, -735, 340, -70
15488, 5, 1261, 357, -4550, -23940, -9520, -735, 340, -75
15489, 146, 2245, 277, -13650, -11270, -9940, -738, 337, -61
15490, 175, 2099, 177, -16380, -5810, -10220, -726, 351, -67
15491, 220, 1051, 426, -20020, 2660, -10780, -726, 339, -70
15492, 73, 559, 413, -20930, 3080, -12390, -733, 349, -69
15493, 396, 70, 379, -20370, 3780, -14350, -727, 352, -78
15494, 409, 370, 215, -13230, 16730, -13160, -723, 349, -76
15495, 81, 824, 106, -7070, 30310, -11480, -729, 349, -84
15496, 438, 420, 358, -2170, 36470, -10290, -726, 361, -79
15497, 52, 571, 190, 8330, 48440, -9590, -714, 348, -88
15498, 120, 666, 113, 19950, 56280, -7490, -709, 373, -96
15499, 311, 688, 350, 24080, 55720, -5040, -720, 367, -97
15500, 299, 992, 211, 23730, 57820, -3710, -712, 364, -103
15501, 209, 1437, 238, 21700, 57890, -980, -711, 370, -105
15502, 107, 1438, 435, 14840, 58660, 1190, -709, 370, -103
15503, 105, 940, 691, -560, 46760, 2940, -712, 370, -112
15504, 52, 863, 661, -7280, 43050, 3990, -706, 376, -121
15505, 26, 1035, 712, -14210, 33180, 4550, -715, 361, -115
15506, 44, 1159, 549, -19810, 28140, 5390, -712, 369, -120
15507, -42, 1167, 476, -22400, 24220, 7210, -721, 351, -130
15508, -190, 842, 321, -18900, 23030, 11200, -706, 358, -139
15509, -313, 653, 194, -14980, 11760, 12810, -706, 354, -141
15510, -185, 406, 283, -10360, 5320, 13370, -712, 352, -139
15511, -200, 336, 356, -4620, -2100, 14000, -714, 351, -142
15512, -149, 147, 260, 3570, -19880, 14140, -714, 343, -145
15513, 118, 491, 197, 12950, -22680, 12320, -708, 339, -136
15514, -245, 1123, -35, 19670, -29890, 11060, -709, 337, -144
15515, -88, 1613, -178, 24780, -32690, 10500, -718, 340, -136
15516, -172, 1616, -254, 27440, -31150, 8680, -709, 330, -133
15517, 46, 1059, -61, 26600, -28070, 7560, -712, 333, -136
15518, 148, 1123, 149, 22750, -34230, 7140, -712, 340, -120
15519, -23, 1235, 323, 15820, -38220, 5390, -715, 339, -123
15520, -299, 1428, 443, 9100, -43050, 4060, -708, 336, -121
15521, -305, 1463, 331, 700, -50120, 2170, -715, 334, -115
15522, -185, 1054, 537, -13510, -49560, -70, -717, 337, -129
15523, -191, 894, 570, -18200, -46620, 140, -714, 345, -109
15524, -164, 859, 480, -19390, -40950, 700, -706, 340, -117
15525, -180, 842, 384, -18200, -34860, 1960, -712, 348, -112
15526, -161, 885, 244, -9240, -15540, 6930, -714, 333, -111
15527, -195, 756, 216, -3920, -2310, 9800, -714, 333, -105
15528, -44, 696, 213, 1680, 4200, 12250, -709, 322, -111
15529, 15, 693, 94, 6860, 7770, 14350, -709, 337, -105
15530, -96, 677, 233, 10010, 7630, 16450, -706, 330, -120
15531, -76, 945, 262, 11900, -980, 17710, -711, 324, -103
15532, -37, 1105, 258, 10500, -6930, 17010, -714, 316, -100
15533, -123, 1080, 313, 7770, -14490, 16170, -712, 331, -97
15534, -127, 1078, 414, 5110, -22470, 15190, -717, 321, -100
15535, -174, 1140, 328, 2170, -40040, 11970, -715, 327, -100
15536, -217, 1211, 361, -3920, -43890, 10080, -712, 327, -97
15537, -106, 1129, 416, -6440, -48930, 8190, -718, 321, -96
15538, 31, 1049, 319, -8120, -52010, 6090, -712, 324, -88
15539, 6, 921, 354, -9240, -51520, 3780, -711, 334, -87
15540, -21, 893, 317, -8610, -44870, -1470, -715, 324, -96
15541, 58, 806, 279, -7840, -40250, -4200, -712, 333, -99
15542, 183, 714, 346, -6650, -33390, -6090, -717, 315, -87
15543, 249, 716, 342, -4620, -24010, -7210, -709, 340, -99
15544, 226, 731, 374, -2240, -15610, -7770, -711, 334, -96
15545, 243, 1019, 312, 980, 2520, -8120, -705, 339, -96
15546, 166, 1086, 310, 1400, 11620, -7980, -711, 337, -88
15547, 143, 1080, 340, 2030, 15190, -7280, -705, 331, -96
15548, 146, 1077, 351, 1470, 19810, -7000, -708, 345, -87
15549, 214, 955, 303, 0, 19740, -5810, -706, 337, -85
15550, 108, 879, 227, -1540, 19250, -5460, -709, 339, -82
15551, 120, 906, 361, -1610, 19600, -4620, -706, 328, -94
15552, 103, 949, 373, -2100, 19320, -4060, -706, 328, -96
15553, 70, 1100, 328, -3010, 20930, -3150, -706, 327, -88
15554, 110, 820, 404, -1470, 21770, -1820, -711, 334, -94
15555, 209, 763, 354, -700, 22610, -840, -700, 336, -91
15556, 92, 768, 241, 1330, 22260, -70, -697, 331, -108
15557, 97, 885, 248, 3290, 22050, 1190, -699, 325, -97
15558, 148, 1039, 254, 5320, 20090, 2380, -699, 328, -99
15559, 6, 1112, 167, 7770, 15190, 4340, -702, 334, -96
15560, -20, 1102, 198, 7420, 11900, 4480, -699, 325, -94
15561, -142, 984, 212, 5880, 6230, 3990, -697, 328, -96
15562, 2, 877, 231, 3220, -210, 3920, -703, 340, -99
15563, 38, 863, 236, -1820, -10150, 2800, -699, 337, -91
15564, 17, 1088, 222, -4200, -14840, 2170, -700, 342, -91
15565, -11, 1169, 227, -6580, -17220, 1330, -708, 348, -106
15566, -34, 1082, 329, -8050, -20230, 280, -702, 340, -87
15567, -102, 949, 358, -8820, -21210, -1050, -703, 339, -88
15568, 93, 870, 238, -6720, -19810, -2380, -702, 340, -90
15569, 125, 822, 255, -5180, -14700, -3150, -693, 331, -87
15570, 70, 951, 156, -2590, -12810, -3010, -702, 343, -81
15571, 1, 996, 130, -630, -6440, -3850, -700, 340, -84
15572, -28, 1007, 156, 910, -5110, -4060, -694, 336, -85
15573, 20, 1041, 173, 2800, -3570, -5950, -706, 336, -87
15574, 136, 1038, 207, 2660, -2450, -6090, -705, 327, -87
15575, 128, 1038, 233, 1960, -3150, -6510, -703, 327, -75
15576, 142, 953, 284, 1890, -3220, -6510, -696, 333, -78
15577, 75, 1025, 320, 560, 0, -5740, -688, 328, -75
15578, 84, 1066, 345, -770, 2100, -5460, -702, 339, -82
15579, 43, 1019, 340, -1680, 3500, -5180, -690, 318, -73
15580, 6, 928, 388, -3150, 6230, -5250, -694, 339, -70
15581, 65, 827, 350, -3710, 6370, -4970, -696, 342, -73
15582, 223, 947, 364, -3080, 10640, -3430, -697, 346, -79
15583, 145, 1001, 328, -2240, 12390, -2100, -703, 346, -70
15584, 126, 932, 384, -2100, 15260, -1190, -697, 351, -69
15585, 66, 872, 335, -1330, 15470, -70, -697, 343, -78
15586, 20, 975, 288, -770, 17220, 560, -697, 354, -63
15587, 56, 798, 427, -560, 16310, 1820, -699, 354, -60
15588, 120, 654, 313, 0, 14070, 2520, -688, 352, -63
15589, 120, 756, 325, 1050, 13370, 3360, -691, 336, -67
15590, 53, 813, 336, 1470, 10850, 3780, -700, 351, -63
15591, 47, 1008, 372, 1820, 7840, 4130, -703, 346, -70
15592, -17, 1045, 343, 2030, 5880, 3780, -706, 345, -55
15593, 25, 986, 341, 2380, 1960, 3710, -703, 349, -70
15594, 80, 1052, 278, 2800, -1750, 3570, -705, 340, -64
15595, 49, 1036, 308, 2870, -4550, 3360, -700, 346, -49
15596, 13, 1120, 264, 2380, -8960, 2800, -708, 349, -61
15597, 56, 1146, 223, 1330, -11550, 2170, -706, 349, -63
15598, 10, 1057, 289, -280, -13020, 1050, -708, 348, -52
15599, -1, 1019, 314, -2100, -15190, -140, -711, 354, -55
15600, -44, 910, 327, -3990, -15610, -1540, -724, 349, -66
15601, 140, 961, 287, -6370, -12880, -3220, -715, 363, -51
15602, 137, 980, 282, -6720, -9170, -3150, -720, 354, -61
15603, 107, 873, 377, -6930, -5320, -3080, -723, 372, -57
15604, 122, 968, 323, -5600, 70, -2940, -729, 361, -55
15605, 139, 1066, 263, -2730, 10360, -2870, -724, 358, -55
15606, 156, 823, 262, -1820, 15260, -3360, -720, 360, -64
15607, 309, 768, 208, 280, 14700, -2870, -730, 364, -61
15608, 157, 749, 228, 1330, 17990, -3500, -720, 361, -52
15609, 162, 802, 240, 1960, 16310, -3290, -720, 361, -61
15610, 155, 999, 263, 1890, 15610, -4200, -727, 360, -55
15611, 55, 1006, 319, 980, 17010, -4480, -729, 361, -55
15612, 172, 929, 385, 210, 14070, -4550, -727, 363, -60
15613, 212, 923, 315, 0, 13160, -4550, -736, 357, -58
15614, 156, 864, 264, 280, 13230, -4200, -729, 354, -69
15615, 143, 926, 270, 1750, 13790, -3290, -733, 352, -61
15616, 137, 868, 227, 2100, 15120, -3150, -727, 361, -78
15617, 51, 714, 211, 3850, 14910, -2730, -735, 357, -72
15618, 65, 898, 278, 5040, 15190, -2170, -739, 360, -76
15619, 138, 1399, 301, 5040, 12600, -770, -735, 358, -69
15620, 64, 1179, 138, 3570, 11060, -700, -732, 363, -90
15621, 55, 951, 178, 3220, 5810, 280, -732, 364, -82
15622, 7, 873, 301, 1960, 1400, 210, -730, 366, -84
15623, -6, 1021, 256, 140, -1330, 210, -741, 370, -81
15624, -90, 1146, 244, -3150, -5740, -350, -744, 376, -84
15625, -32, 1020, 279, -4410, -7000, -420, -735, 357, -85
15626, 36, 952, 299, -5250, -8470, -700, -738, 352, -81
15627, -48, 976, 260, -4760, -11480, -840, -742, 352, -93
15628, -54, 986, 279, -4410, -9730, -1750, -729, 346, -88
15629, 34, 862, 316, -3150, -9800, -2940, -739, 357, -84
15630, -21, 645, 290, -2170, -10220, -3500, -729, 354, -97
15631, 90, 704, 253, -210, -8400, -3920, -745, 349, -88
15632, 96, 853, 255, 1750, -7140, -4340, -735, 357, -90
15633, 66, 1099, 284, 3570, -1400, -4060, -742, 361, -99
15634, 116, 1073, 263, 3430, -140, -4270, -738, 346, -96
15635, 81, 926, 325, 2590, 1960, -4410, -729, 354, -100
15636, 77, 1028, 331, 1330, 2870, -4550, -735, 354, -100
15637, 43, 1102, 365, -350, 4760, -5110, -741, 358, -100
15638, 170, 996, 457, -6160, 8190, -4550, -736, 355, -109
15639, 184, 925, 355, -7350, 8610, -4130, -733, 360, -100
15640, 158, 936, 505, -7420, 10220, -3640, -736, 346, -106
15641, 111, 1244, 226, -8260, 12390, -3570, -745, 369, -115
15642, 115, 1111, 205, -7000, 14490, -4130, -733, 354, -117
15643, 103, 418, 375, -4480, 14280, -4620, -736, 355, -109
15644, 148, 781, 201, -1750, 12110, -4620, -733, 355, -111
15645, 100, 974, 257, 350, 12600, -4620, -726, 345, -133
15646, 51, 962, 319, 2100, 13090, -4900, -721, 337, -118
15647, 82, 788, 337, 6370, 12670, -6020, -727, 348, -121
15648, 70, 744, 278, 8190, 10220, -6650, -732, 345, -120
15649, 174, 972, 244, 9590, 7980, -6650, -732, 346, -126
15650, 142, 1141, 313, 9100, 7070, -6860, -736, 351, -127
15651, 77, 1152, 336, 7350, 8540, -6510, -738, 345, -126
15652, 187, 982, 375, 2940, 12110, -6160, -730, 336, -129
15653, 103, 938, 463, 420, 14140, -5950, -730, 340, -129
15654, 82, 1156, 434, -2170, 15960, -5740, -720, 349, -118
15655, 57, 1194, 337, -4760, 17080, -4830, -732, 343, -121
15656, 111, 1085, 398, -8190, 20160, -2100, -723, 345, -135
15657, 102, 841, 259, -7350, 19180, -560, -718, 349, -129
15658, -3, 866, 229, -5740, 19320, 1260, -724, 348, -142
15659, 52, 853, 223, -3990, 19390, 3010, -718, 340, -138
15660, -141, 782, 197, -2100, 18760, 4900, -721, 351, -141
15661, -126, 848, 120, 3500, 13370, 7910, -718, 342, -136
15662, 36, 863, 335, 4970, 11690, 8820, -714, 342, -145
15663, -182, 674, 195, 5810, 8050, 9520, -714, 345, -139
15664, -77, 594, 302, 7490, 5180, 10290, -720, 345, -142
15665, -132, 679, 269, 8610, 1960, 10290, -717, 336, -144
15666, -108, 1147, 219, 9030, -5390, 11620, -717, 337, -121
15667, -30, 1205, 270, 8190, -6300, 12460, -712, 334, -139
15668, -124, 1015, 310, 7280, -7140, 12950, -727, 334, -132
15669, -147, 876, 334, 5530, -7630, 13370, -711, 325, -129
15670, -82, 907, 225, 2730, -11340, 14280, -717, 324, -127
15671, -84, 1078, 266, 1470, -12180, 14560, -706, 325, -129
15672, -82, 1111, 298, 140, -13860, 14910, -712, 343, -127
15673, -120, 940, 226, -980, -14910, 14980, -714, 333, -133
15674, -24, 775, 274, -350, -14070, 15120, -715, 337, -124
15675, 52, 1082, 180, 1330, -15750, 15050, -721, 337, -124
15676, 29, 1172, 136, 2450, -14630, 14350, -723, 336, -117
15677, 2, 1030, 214, 3080, -13930, 13720, -717, 331, -124
15678, -65, 939, 120, 3850, -13370, 12390, -729, 337, -126
15679, 7, 882, 216, 5040, -14840, 11340, -718, 324, -115
15680, -3, 983, 174, 6020, -18970, 7770, -721, 324, -114
15681, 22, 1062, 182, 5110, -19530, 6020, -729, 327, -111
15682, 66, 1073, 288, 4970, -21070, 4270, -715, 321, -108
15683, 54, 1129, 280, 3570, -18690, 2660, -718, 318, -100
15684, 89, 1093, 275, 280, -17080, 280, -712, 319, -94
15685, 96, 1034, 350, -1750, -15120, -980, -712, 316, -103
15686, 82, 1006, 326, -3710, -13860, -2030, -718, 324, -99
15687, 90, 955, 359, -5600, -12670, -2800, -714, 325, -102
15688, 123, 1003, 301, -7560, -10500, -3570, -721, 328, -97
15689, 38, 1018, 373, -8610, -6860, -4550, -721, 324, -102
15690, 20, 882, 283, -8820, -4970, -4340, -718, 319, -96
15691, 127, 851, 316, -7700, -2100, -3990, -723, 333, -100
15692, 44, 910, 301, -7070, 1330, -3220, -721, 324, -100
15693, 149, 987, 300, -6020, 4060, -1960, -723, 328, -93
15694, -13, 661, 308, -4200, 10150, -140, -718, 343, -99
15695, -68, 553, 327, -2030, 9240, 350, -721, 337, -90
15696, 30, 649, 366, 70, 9100, 700, -720, 327, -88
15697, 151, 950, 223, 1960, 5670, 1330, -733, 321, -94
15698, -30, 915, 276, 3780, 4270, 1890, -726, 325, -85
15699, 58, 951, 314, 5950, -980, 1750, -736, 333, -91
15700, 23, 1095, 220, 6580, -3570, 1260, -729, 327, -87
15701, -104, 1167, 194, 5670, -5600, 1050, -732, 322, -79
15702, 61, 1220, 262, 4970, -10220, 490, -724, 322, -90
15703, -23, 1041, 292, 630, -14630, -980, -724, 330, -82
15704, -10, 1033, 337, -1120, -18060, -1610, -720, 334, -84
15705, 17, 1142, 312, -3290, -19250, -2310, -726, 331, -94
15706, 14, 1353, 320, -5670, -19950, -3080, -729, 327, -79
15707, -87, 1099, 375, -8120, -19320, -3780, -729, 337, -84
15708, 42, 557, 196, -7840, -16450, -5740, -727, 331, -81
15709, 103, 489, 360, -5600, -14490, -6160, -729, 348, -84
15710, 120, 816, 227, -3150, -11270, -6230, -729, 345, -81
15711, 140, 1135, 172, -630, -5600, -6090, -732, 345, -82
15712, 119, 1026, 241, 3430, 1190, -6300, -735, 334, -78
15713, 23, 894, 166, 4550, 2100, -6440, -736, 345, -75
15714, 134, 812, 233, 4760, 3220, -7350, -736, 334, -79
15715, 106, 874, 241, 5110, 140, -8260, -736, 336, -78
15716, 117, 1045, 299, 3920, 840, -8820, -724, 330, -79
15717, 76, 1133, 302, 490, 1890, -10080, -729, 340, -81
15718, 80, 957, 342, -1610, 2450, -10640, -738, 336, -76
15719, 118, 910, 311, -3360, 4480, -11270, -738, 342, -69
15720, 91, 889, 327, -4340, 6230, -11480, -739, 330, -79
15721, 148, 946, 314, -4550, 8540, -11060, -723, 345, -81
15722, 94, 1086, 261, -4060, 16240, -8540, -738, 330, -93
15723, 82, 928, 276, -3570, 19950, -6930, -724, 334, -97
15724, 53, 882, 169, -1190, 22890, -5460, -721, 337, -90
15725, 99, 918, 178, 560, 24150, -3570, -730, 351, -97
15726, 181, 1086, 289, 1890, 26040, 350, -727, 349, -97
15727, 115, 1095, 251, 980, 25900, 1750, -726, 348, -94
15728, 40, 945, 333, -420, 24640, 2940, -738, 340, -91
15729, -11, 630, 401, -1680, 21630, 2800, -726, 340, -93
15730, -21, 493, 418, -2240, 15960, 3080, -733, 342, -105
15731, -31, 848, 337, -840, 4760, 3850, -732, 345, -102
15732, -60, 1077, 327, -420, 980, 4410, -741, 337, -106
15733, -15, 1185, 209, 1190, -1750, 4900, -738, 331, -103
15734, -81, 1031, 259, 2100, -1960, 5110, -733, 333, -100
15735, -123, 876, 174, 4060, -6160, 4900, -730, 340, -100
15736, -54, 812, 263, 4410, -7700, 4270, -739, 340, -99
15737, -9, 1022, 255, 4200, -9660, 3570, -735, 334, -94
15738, 80, 1231, 239, 3710, -13860, 3220, -742, 339, -109
15739, 52, 1282, 267, 2030, -15120, 2310, -733, 333, -105
15740, -118, 926, 332, -1190, -16030, -140, -733, 336, -114
15741, -11, 792, 335, -2100, -20790, -1400, -742, 337, -120
15742, 13, 929, 185, -2310, -20720, -2660, -720, 337, -105
15743, 67, 1126, 268, -2870, -21000, -3150, -735, 340, -108
15744, 8, 1253, 311, -3850, -18550, -3780, -742, 349, -111
15745, -11, 1240, 228, -3920, -9100, -4970, -730, 346, -106
15746, 46, 1106, 220, -4060, -4270, -5180, -727, 345, -106
15747, 84, 999, 172, -3150, -2030, -5390, -729, 340, -111
15748, 100, 897, 245, -2730, 280, -5810, -732, 340, -102
15749, 116, 640, 330, -1960, 3850, -6300, -726, 331, -115
15750, 103, 100, 344, -140, 6020, -6720, -729, 331, -108
15751, 25, 467, 313, 2310, 6720, -6930, -712, 327, -112
15752, 112, 1317, 357, 2660, 8470, -5740, -720, 336, -106
15753, 234, 1282, 336, 3640, 16730, -4690, -724, 334, -117
15754, 170, 860, 248, 3290, 27860, -1680, -730, 339, -103
15755, 234, 891, 253, 3500, 30450, -210, -718, 336, -118
15756, 203, 1112, 251, 3220, 31710, 980, -733, 333, -112
15757, 118, 1214, 311, 2100, 32550, 2100, -718, 334, -123
15758, 209, 1190, 240, 840, 29470, 3220, -727, 340, -120
15759, 157, 1106, 216, -1260, 28560, 6090, -720, 342, -129
15760, 138, 1092, 244, -3010, 27930, 7560, -715, 345, -121
15761, 73, 1032, 236, -4130, 28280, 8260, -720, 354, -127
15762, 95, 845, 342, -4410, 25410, 9380, -724, 336, -120
15763, 32, 701, 261, -910, 18200, 11130, -715, 334, -121
15764, 1, 768, 138, 2660, 15190, 11480, -714, 330, -124
15765, 29, 1015, 137, 5460, 11690, 11760, -727, 328, -124
15766, 116, 1168, 69, 8750, 9100, 11970, -720, 331, -135
15767, 70, 1052, 234, 9450, 9590, 11620, -718, 328, -127
15768, 85, 745, 275, 8470, 2450, 9940, -726, 331, -132
15769, -1, 655, 568, 4830, -2590, 8120, -723, 331, -126
15770, 44, 909, 384, 1400, -8330, 7140, -712, 321, -120
15771, 114, 1089, 542, 350, -16450, 6510, -717, 325, -120
15772, -29, 1192, 504, -4200, -19460, 5600, -712, 330, -127
15773, -125, 820, 416, -7700, -20370, 3780, -726, 331, -130
15774, -97, 831, 339, -7070, -21490, 3080, -709, 333, -133
15775, 50, 1121, 200, -6370, -19250, 2870, -715, 342, -120
15776, 60, 1403, 203, -5110, -18130, 3710, -718, 333, -126
15777, 72, 962, 247, -3360, -4690, 4480, -724, 339, -123
15778, -33, 494, 244, 0, -5810, 4340, -714, 336, -117
15779, -132, 393, 128, 3150, -3150, 4550, -726, 337, -105
15780, 135, 834, 122, 6790, -7000, 4970, -720, 334, -117
15781, 31, 1189, 198, 8050, -6090, 4900, -712, 328, -115
15782, 30, 1001, 349, 6300, -2240, 5110, -721, 331, -123
15783, -66, 744, 397, 5530, -3710, 4410, -717, 331, -112
15784, -137, 638, 406, 4130, -9030, 3990, -715, 325, -109
15785, -84, 924, 312, 2520, -14140, 3010, -720, 334, -111
15786, -65, 1109, 381, 140, -20090, 2590, -711, 322, -121
15787, -48, 1050, 382, -5180, -24710, 2520, -726, 333, -109
15788, -114, 1125, 303, -5530, -27650, 2030, -718, 321, -109
15789, -157, 1217, 300, -6860, -27440, 1540, -726, 325, -108
15790, -167, 1283, 188, -8050, -27860, 1120, -726, 336, -117
15791, -10, 926, 365, -8750, -27230, 420, -718, 340, -106
15792, -36, 830, 263, -8820, -24920, -420, -721, 336, -106
15793, -13, 824, 226, -7910, -22680, -910, -717, 337, -108
15794, -63, 816, 239, -5670, -19810, -2030, -723, 331, -108
15795, 0, 1062, 80, -2730, -15820, -2380, -721, 345, -96
15796, 29, 1124, 166, 1190, -6650, -2940, -714, 334, -102
15797, 52, 762, 275, 1750, -5880, -3780, -723, 339, -97
15798, 7, 517, 254, 2170, -3710, -4410, -727, 331, -100
15799, 46, 612, 374, 2240, -4480, -5460, -726, 327, -100
15800, 52, 928, 301, 1470, -4410, -6230, -714, 331, -99
15801, 40, 1131, 445, -1890, -1680, -6790, -730, 336, -93
15802, 58, 885, 393, -3780, -1680, -7070, -721, 334, -108
15803, 152, 665, 307, -4340, -980, -7280, -723, 340, -94
15804, 137, 487, 422, -3780, -350, -7770, -721, 336, -100
15805, 74, 1034, 125, -1540, 4550, -7980, -723, 333, -106
15806, 156, 1246, 324, -700, 10080, -7000, -723, 339, -99
15807, 232, 1314, 366, 70, 13300, -6510, -721, 342, -111
15808, 212, 1297, 107, 2030, 15190, -5810, -724, 342, -103
15809, 158, 951, 134, 3430, 17710, -5530, -717, 342, -103
15810, 122, 819, 87, 6510, 15330, -6090, -720, 337, -102
15811, 209, 1075, 122, 7910, 13650, -5810, -726, 337, -97
15812, 170, 1385, 208, 7140, 14700, -5880, -718, 337, -97
15813, 62, 1291, 253, 5250, 13020, -6300, -723, 333, -94
15814, 111, 1030, 283, 3780, 11970, -6440, -718, 328, -106
15815, 57, 501, 336, 630, 10850, -7350, -724, 337, -96
15816, 213, 745, 304, 70, 9870, -6790, -715, 336, -100
15817, 104, 1052, 321, -1750, 12320, -6020, -721, 334, -109
15818, 109, 1232, 394, -2870, 13860, -4900, -723, 337, -106
15819, 78, 818, 313, -2660, 16170, -3220, -718, 328, -120
15820, 63, 743, 242, -1820, 14910, -2450, -723, 334, -112
15821, 26, 963, 160, -910, 14630, -1680, -718, 339, -111
15822, 184, 1040, 404, -1750, 13020, -280, -714, 345, -108
15823, 60, 825, 365, -2590, 14910, 210, -718, 346, -97
15824, 70, 954, 213, -1400, 11410, 1890, -718, 346, -102
15825, 24, 999, 212, 350, 10850, 2520, -720, 351, -96
15826, 27, 1015, 188, 2100, 10360, 3150, -717, 345, -100
15827, 21, 1020, 75, 3990, 8330, 3850, -715, 328, -100
15828, 36, 1014, 199, 5040, 5670, 4410, -715, 334, -112
15829, 5, 928, 236, 4830, 3710, 4690, -714, 336, -106
15830, -38, 1048, 281, 4410, 2730, 4060, -717, 333, -105
15831, -7, 1103, 226, 3220, -1260, 4130, -717, 331, -94
15832, 55, 1080, 213, 1610, -3010, 4200, -720, 337, -109
15833, -4, 888, 346, -2380, -6090, 3990, -709, 333, -105
15834, 87, 972, 274, -3640, -8120, 3780, -708, 333, -106
15835, 5, 965, 360, -4410, -10080, 3500, -720, 331, -100
15836, -52, 1087, 277, -5460, -9590, 3150, -711, 337, -103
15837, -92, 1030, 240, -5600, -10290, 3360, -711, 342, -112
15838, 20, 872, 341, -4620, -8610, 3430, -723, 337, -105
15839, 50, 927, 242, -3430, -7070, 3850, -717, 340, -102
15840, 40, 903, 187, -1330, -4970, 3990, -721, 351, -106
15841, -8, 909, 188, 560, -3220, 4270, -714, 337, -88
15842, 15, 1295, 169, 2100, -420, 5180, -714, 342, -102
15843, -34, 891, 352, 560, 1190, 4690, -717, 340, -103
15844, -127, 375, 292, 350, -1750, 3780, -727, 331, -97
15845, -16, 346, 258, 1470, -7280, 3430, -724, 334, -109
15846, -66, 847, 277, 1190, -11550, 2800, -718, 330, -93
15847, 37, 1272, 333, -700, -10710, 2800, -721, 334, -97
15848, -52, 1005, 293, -560, -8330, 2590, -718, 334, -93
15849, -2, 833, 273, -140, -10640, 2870, -720, 336, -93
15850, -24, 867, 175, 420, -13230, 2940, -723, 327, -90
15851, 111, 1004, 206, 980, -10570, 3150, -729, 339, -108
15852, -57, 933, 306, 210, -14980, 1190, -727, 340, -90
15853, 28, 941, 223, 1120, -17220, 700, -732, 346, -99
15854, 15, 815, 305, 1400, -19250, -280, -739, 346, -96
15855, -6, 799, 304, 2170, -22050, -980, -736, 343, -93
15856, -32, 912, 202, 4760, -19320, -2870, -724, 340, -87
15857, -9, 1089, 255, 5040, -16520, -3780, -732, 339, -84
15858, 12, 951, 307, 3850, -12670, -4620, -726, 339, -88
15859, 77, 666, 374, 4410, -11550, -6230, -732, 327, -90
15860, -76, 812, 284, 5670, -9310, -7490, -726, 331, -91
15861, -15, 1306, 231, 4130, -11900, -9030, -723, 334, -88
15862, 50, 1004, 457, 1750, -12180, -9450, -727, 327, -94
15863, 12, 791, 483, 0, -11480, -10920, -727, 334, -84
15864, 22, 867, 314, -280, -11340, -11270, -733, 334, -88
15865, 65, 1089, 256, -770, -10850, -11340, -727, 337, -85
15866, -35, 1347, 366, -4830, 280, -10290, -738, 337, -90
15867, 38, 1012, 402, -5180, 4970, -10500, -726, 342, -94
15868, 93, 818, 308, -4690, 6580, -10010, -735, 346, -93
15869, 141, 809, 260, -3920, 9660, -9170, -735, 342, -84
15870, 200, 916, 283, -1400, 18480, -5740, -729, 343, -93
15871, 35, 1126, 293, -210, 23730, -3780, -729, 352, -87
15872, 133, 1028, 308, 350, 27720, -1890, -730, 340, -90
15873, 92, 892, 272, 280, 30310, 70, -727, 339, -78
15874, 18, 624, 409, -420, 30170, 1260, -732, 339, -84
15875, 116, 967, 278, -910, 22050, 3080, -736, 342, -85
15876, -3, 1248, 265, -1750, 17500, 4060, -729, 330, -90
15877, 112, 1167, 403, -3570, 14070, 5670, -726, 336, -97
15878, 57, 896, 331, -3710, 14070, 5880, -736, 333, -99
15879, 42, 748, 96, -2870, 13930, 6370, -736, 343, -97
15880, 166, 928, 122, -140, 12320, 7210, -739, 345, -106
15881, 143, 1089, 19, 980, 11690, 7560, -730, 330, -111
15882, 25, 1019, 8, 2590, 10570, 7140, -730, 342, -114
15883, 172, 730, 132, 3780, 7350, 6930, -739, 346, -109
15884, 84, -710, 188, 8750, 1540, 5810, -745, 339, -112
15885, 158, -532, -3, 16800, 630, 4900, -738, 354, -103
15886, -19, 559, 30, 21350, 1820, 5460, -735, 343, -109
15887, 173, 2561, -53, 23450, 3080, 5950, -747, 337, -108
15888, 40, 3547, 50, 19180, -280, 7560, -745, 331, -102
15889, 15, 1751, 135, 6790, -3780, 5180, -748, 331, -96
15890, 45, 908, -91, 1470, -8330, 2450, -754, 334, -97
15891, -20, 429, 97, -5600, -18690, 0, -739, 339, -106
15892, -148, 489, 162, -12600, -21280, -2660, -742, 336, -108
15893, 137, 988, 328, -17360, -25620, -5180, -750, 331, -96
15894, 177, 929, 375, -20020, -11690, -3640, -735, 333, -106
15895, -51, 1009, 165, -17500, 1750, -1960, -744, 336, -94
15896, -134, 972, 339, -12180, 2520, -490, -741, 325, -100
15897, -255, 475, 427, -6930, 8330, 630, -741, 345, -106
15898, 46, 65, 229, 6650, 1750, 2030, -750, 343, -114
15899, 142, 311, 290, 13440, -5950, 2520, -741, 337, -108
15900, 0, 817, 327, 17780, -10780, 2450, -744, 357, -97
15901, -116, 1227, 482, 20930, -16590, 1610, -733, 345, -90
15902, -192, 1631, 434, 17150, -19880, 490, -742, 340, -93
15903, -201, 317, 1047, 350, -28490, -3430, -745, 333, -91
15904, -30, 602, 1073, -4690, -38080, -6860, -739, 336, -97
15905, 38, 1608, 786, -9030, -39690, -8540, -742, 331, -82
15906, -49, 2413, 234, -13160, -35280, -9730, -738, 333, -88
15907, 19, 1992, 128, -14420, -32690, -9520, -742, 334, -102
15908, -141, 551, -90, -10920, -5180, -10920, -733, 339, -90
15909, 241, 500, 152, -5600, -770, -10850, -739, 337, -84
15910, 246, 932, -17, -3430, 9380, -9450, -754, 337, -90
15911, 213, 899, 186, -1190, 16590, -7910, -741, 349, -87
15912, 169, 696, 336, 3500, 26530, -4900, -753, 346, -94
15913, 199, 891, 118, 6440, 29050, -3850, -747, 358, -93
15914, 242, 819, 83, 6370, 29260, -2030, -744, 357, -84
15915, 290, 566, 181, 6580, 31360, -910, -742, 360, -93
15916, 162, 253, 256, 6300, 31920, -350, -745, 346, -96
15917, 277, 1120, 24, 4060, 35000, 1470, -745, 355, -106
15918, 250, 1238, 84, 2940, 32970, 1820, -753, 349, -90
15919, 171, 1012, 84, 910, 35910, 2660, -756, 352, -100
15920, 250, 963, -77, -280, 33880, 3290, -753, 351, -114
15921, 213, 1059, -325, -1680, 31080, 3290, -742, 342, -112
15922, 237, 1158, -217, 0, 19950, 2170, -745, 346, -114
15923, 174, 1656, -653, 1470, 15540, 1400, -759, 340, -127
15924, 211, 1930, -520, 2030, 7630, 1050, -733, 345, -123
15925, 117, 1660, -418, 1680, 1960, -350, -738, 337, -130
15926, 14, 1003, -261, 2030, -6440, -3290, -756, 339, -138
15927, 140, 984, -259, -140, -6650, -4410, -739, 343, -136
15928, -6, 308, -207, -1610, -5530, -6510, -735, 346, -132
15929, 116, 94, 30, -490, -12880, -7420, -738, 346, -133
15930, 223, 364, 17, 1470, -8470, -9100, -741, 345, -135
15931, 119, 1652, -155, 3010, -7140, -9030, -730, 346, -142
15932, -4, 1268, 32, 2100, 980, -8680, -732, 351, -130
15933, 157, 503, -27, 5040, 3500, -8120, -724, 330, -126
15934, -128, 349, -66, 6300, 7560, -7910, -721, 331, -133
15935, 126, 938, -103, 7980, 12180, -5110, -729, 333, -129
15936, 27, 1530, 151, 5040, 17710, -3500, -721, 327, -123
15937, 33, 1131, 43, 4620, 20230, -1820, -718, 331, -126
15938, 160, 1012, 32, 4060, 20720, -350, -723, 330, -129
15939, -95, 1068, 28, 2100, 24430, 1050, -726, 328, -123
15940, 84, 1255, 0, -630, 20930, 5460, -726, 333, -130
15941, 141, 1107, 9, -2240, 20020, 7700, -727, 330, -130
15942, -50, 1111, 32, -1610, 19880, 9380, -726, 325, -133
15943, -147, 1006, 116, -560, 17850, 10430, -723, 331, -127
15944, -160, 981, -7, 3150, 16310, 10570, -721, 321, -136
15945, -10, 905, -97, 9590, 8750, 13230, -717, 336, -129
15946, 103, 845, 122, 12320, 2590, 14490, -724, 339, -126
15947, -33, 692, 134, 15190, -3570, 14490, -723, 330, -130
15948, 63, 1053, 161, 16800, -10850, 13650, -720, 333, -129
15949, -328, 1366, 260, 3500, -14840, 11830, -727, 328, -118
15950, -137, 758, 684, -2030, -21420, 9170, -730, 324, -112
15951, -28, 1013, 803, -6930, -27650, 6930, -730, 321, -124
15952, 126, 1354, 574, -10430, -37940, 3780, -727, 328, -117
15953, -20, 1407, 350, -16450, -41650, 3150, -726, 330, -112
15954, -275, -37, 172, -22120, -40390, -1540, -723, 319, -115
15955, -346, 40, 20, -16520, -37310, -4480, -726, 322, -114
15956, -32, 898, 179, -8960, -34510, -6580, -723, 315, -112
15957, 163, 1672, -65, -2870, -29330, -7350, -721, 330, -111
15958, 103, 1513, -220, 700, -22470, -6160, -721, 319, -117
15959, 14, 334, -47, 12390, -15680, -7420, -726, 319, -120
15960, -35, 747, -220, 16380, -12320, -8890, -718, 309, -115
15961, -23, 1497, -443, 16170, -12320, -10080, -721, 319, -108
15962, 112, 1639, -275, 13580, -9940, -10220, -724, 327, -118
15963, 198, 1364, -38, 6370, -1190, -11900, -726, 321, -117
15964, 262, 1066, -111, 3500, 3150, -12740, -718, 327, -111
15965, 206, 1038, -217, -1190, 6930, -12950, -717, 328, -111
15966, 231, 1206, -85, -4480, 13930, -12250, -717, 328, -120
15967, 213, 1282, -77, -7770, 18550, -12180, -717, 319, -120
15968, 76, 1238, -120, -9590, 36120, -9870, -712, 321, -120
15969, 269, 816, -122, -7630, 39550, -8190, -709, 309, -117
15970, 242, 791, -92, -4480, 43400, -7280, -711, 313, -127
15971, 208, 654, -318, -560, 48160, -4900, -714, 315, -120
15972, 221, 980, -331, 3920, 50960, -2940, -706, 306, -126
15973, 127, 1052, -215, 10850, 55510, 1540, -711, 316, -130
15974, 99, 897, -153, 13300, 56210, 3360, -706, 306, -136
15975, 189, 730, -78, 14420, 58310, 5740, -708, 310, -127
15976, 149, 822, -20, 12670, 54460, 7420, -709, 303, -148
15977, 164, 955, 162, 6720, 42770, 11130, -703, 303, -144
15978, 119, 825, 318, 2870, 34020, 11410, -708, 300, -150
15979, -55, 984, 173, 0, 27790, 11830, -699, 303, -144
15980, -5, 1182, 160, -1750, 21070, 11900, -708, 300, -144
15981, -85, 1270, 166, -2590, 12600, 11480, -699, 300, -151
15982, 113, 918, 5, -1610, 4620, 12600, -699, 306, -151
15983, 49, 1020, -86, 1400, 490, 13440, -702, 310, -145
15984, -68, 987, 21, 2520, -2870, 13720, -703, 294, -151
15985, -81, 931, -51, 3990, -4620, 14070, -696, 304, -148
15986, -38, 934, 117, 5110, -6650, 13790, -697, 312, -142
15987, -47, 1334, -29, 6230, -11200, 13440, -693, 298, -139
15988, -73, 1225, 47, 4130, -13020, 13230, -703, 298, -139
15989, -26, 1021, 121, 2030, -15120, 12530, -699, 291, -133
15990, -4, 944, 192, -350, -20580, 11620, -708, 298, -130
15991, -55, 1183, 88, -5880, -28420, 10290, -702, 286, -127
15992, -148, 1018, 110, -7350, -29260, 9590, -694, 294, -124
15993, -112, 902, 160, -6860, -31990, 8890, -691, 286, -124
15994, -144, 1074, 34, -5880, -33250, 7140, -703, 291, -117
15995, -208, 1096, -105, -5040, -33810, 6230, -703, 291, -109
15996, -25, 703, 71, -2310, -35350, 3780, -708, 297, -109
15997, 14, 923, 53, 0, -37800, 3150, -705, 288, -105
15998, 26, 1198, -97, 1540, -36330, 2870, -697, 292, -108
15999, -63, 1155, 37, 2240, -35560, 3010, -700, 294, -103
16000, -14, 948, 103, 2240, -31780, 2520, -702, 292, -99
16001, -41, 1046, 113, 1400, -27650, 560, -712, 288, -96
16002, -5, 1210, 126, -840, -26530, -420, -696, 300, -111
16003, -71, 1203, 83, -3990, -23310, -1050, -705, 300, -88
16004, 46, 1004, 230, -6720, -21490, -1610, -711, 306, -91
16005, 108, 919, 163, -10080, -17150, -3290, -715, 306, -100
16006, 82, 1110, -10, -11060, -16730, -3360, -714, 304, -94
16007, 91, 951, 44, -11690, -11480, -3990, -712, 304, -93
16008, 45, 969, -5, -9940, -9940, -4690, -712, 325, -94
16009, 85, 952, 83, -8400, -5110, -5110, -712, 310, -99
16010, 112, 1076, -90, -3150, 1540, -4900, -703, 319, -94
16011, 103, 925, -107, -630, 4060, -4690, -714, 310, -96
16012, 76, 955, -124, 1820, 5600, -4480, -699, 318, -93
16013, 77, 1126, -221, 3640, 6020, -4200, -715, 303, -94
16014, 77, 1188, -103, 4550, 4760, -3710, -705, 315, -91
16015, 61, 1101, -10, 3780, 6090, -2450, -715, 310, -91
16016, -5, 1064, -47, 3080, 6510, -2030, -705, 306, -93
16017, 22, 1260, -36, 1820, 6440, -1260, -705, 312, -94
16018, -5, 1371, -20, -490, 5530, -770, -711, 304, -93
16019, 12, 1121, -14, -5110, 1680, 140, -721, 309, -96
16020, 78, 1345, -74, -6510, -1260, 210, -715, 307, -102
16021, -6, 1505, -97, -8610, -4340, 1330, -715, 310, -97
16022, 14, 1242, -120, -11550, -6440, 910, -711, 313, -100
16023, 3, 796, 161, -11480, -7770, 630, -709, 301, -102
16024, 150, 943, 35, -12600, -9660, 630, -721, 304, -106
16025, 7, 900, -15, -12110, -7490, 1400, -715, 298, -96
16026, 83, 463, 151, -11060, -6370, 2380, -711, 315, -105
16027, -28, 309, 255, -7840, -2940, 1820, -709, 310, -108
16028, -231, 127, 295, -1680, -210, 2170, -723, 309, -102
16029, 115, 621, 327, 770, -210, 2240, -715, 309, -109
16030, 131, 457, 246, 5810, -2240, 2520, -711, 312, -105
16031, 79, 559, 282, 9660, -3500, 3290, -709, 321, -114
16032, 14, 1247, -4, 13300, -2940, 3220, -720, 318, -105
16033, 61, 1354, 43, 15400, -7560, 2800, -709, 313, -97
16034, -31, 1028, -53, 14000, -8680, 1960, -717, 315, -97
16035, 109, 962, 63, 11900, -12600, 980, -708, 315, -94
16036, 62, 1103, -37, 8890, -15400, 0, -714, 310, -96
16037, 56, 1436, -61, 5040, -16030, -630, -706, 324, -96
16038, -73, 1164, 131, -4550, -16030, -1680, -702, 312, -82
16039, 4, 952, 157, -8190, -15680, -2170, -709, 310, -84
16040, 102, 956, 37, -10360, -15680, -3080, -709, 316, -84
16041, 58, 984, 49, -11690, -15540, -3780, -706, 313, -82
16042, 46, 1067, 64, -9520, -13860, -4620, -703, 304, -88
16043, 48, 1062, 0, -6720, -12600, -5110, -700, 303, -84
16044, 139, 968, -23, -3500, -12530, -5040, -703, 304, -76
16045, 148, 978, -63, 350, -12110, -5880, -706, 298, -79
16046, 33, 1028, -143, 2730, -11410, -6230, -700, 309, -78
16047, 40, 1442, -113, 6370, -11130, -7560, -703, 312, -73
16048, 62, 1204, -78, 5670, -10780, -7560, -706, 307, -67
16049, 108, 1016, -29, 4340, -11480, -8330, -706, 306, -75
16050, 60, 940, 35, 3290, -10990, -9240, -708, 312, -82
16051, 66, 1148, -43, 2310, -9450, -9870, -708, 312, -67
16052, 297, 1396, 132, -2730, -1820, -9310, -706, 310, -67
16053, 109, 1034, 127, -3780, 2870, -9520, -700, 309, -69
16054, 94, 701, 67, -3640, 6090, -9170, -705, 307, -73
16055, 103, 832, -126, -1330, 8120, -9380, -697, 309, -75
16056, 132, 1129, -151, 1260, 13930, -8190, -702, 304, -70
16057, 38, 953, 76, 3430, 16310, -8050, -702, 318, -69
16058, 75, 872, 72, 6650, 16240, -8260, -708, 318, -64
16059, 103, 894, 3, 8330, 18340, -7980, -705, 316, -70
16060, 113, 755, 65, 8820, 19460, -7490, -703, 322, -67
16061, 165, 890, 163, 9450, 21910, -6510, -705, 324, -69
16062, 164, 1195, 209, 8190, 22960, -5810, -702, 321, -64
16063, 94, 1149, 170, 4970, 25620, -5180, -706, 325, -75
16064, 98, 881, 318, 2380, 26040, -4690, -703, 331, -66
16065, 80, 941, 347, -630, 26740, -4200, -703, 330, -61
16066, 66, 1017, 379, -10220, 28140, -3360, -706, 331, -63
16067, 101, 847, 414, -14700, 28700, -2590, -712, 340, -57
16068, 160, 841, 293, -17010, 28700, -2380, -715, 330, -64
16069, 156, 848, 400, -17500, 29610, -1820, -711, 328, -60
16070, 76, 1006, 180, -14840, 31920, 140, -700, 345, -64
16071, 67, 734, 66, -12110, 33530, 1120, -718, 336, -60
16072, 16, 610, 36, -7210, 34790, 2170, -717, 339, -69
16073, 69, 527, 113, -2800, 35000, 3220, -712, 342, -66
16074, 13, 659, -43, 1400, 34860, 4130, -720, 343, -75
16075, -22, 964, 87, 6650, 31710, 5670, -708, 324, -61
16076, -1, 1092, 92, 8260, 28280, 6090, -721, 349, -69
16077, 32, 1073, 66, 8470, 24010, 6230, -724, 334, -61
16078, 19, 1014, 132, 7840, 21210, 6020, -726, 349, -70
16079, 79, 1075, 144, 6370, 15470, 5950, -723, 342, -61
16080, 79, 1280, 270, 630, 5460, 4970, -717, 337, -64
16081, -26, 1241, 277, -2380, 1680, 3780, -723, 333, -75
16082, -13, 1123, 218, -5390, -840, 2800, -735, 340, -72
16083, 29, 1011, 211, -7210, -3290, 2240, -721, 339, -70
16084, 110, 1094, 86, -7840, -4270, 2100, -729, 354, -69
16085, 86, 1049, 99, -7140, -4200, 1960, -730, 354, -63
16086, 33, 1026, 40, -5460, -3290, 1610, -735, 346, -75
16087, 83, 940, 34, -3150, -2520, 1190, -745, 343, -73
16088, 54, 872, -26, -630, -1470, 420, -723, 348, -70
16089, 89, 1049, -219, 6650, -700, -490, -738, 343, -72
16090, 126, 1131, -118, 8680, 70, -840, -741, 351, -79
16091, 100, 1010, -73, 9730, 0, -1190, -741, 352, -79
16092, 84, 829, -19, 10570, 1260, -1540, -733, 352, -72
16093, 94, 865, 92, 11200, 630, -1960, -736, 352, -75
16094, 69, 1316, 14, 8260, 1190, -2940, -742, 351, -75
16095, 1, 1132, 94, 5810, 2730, -3290, -741, 357, -85
16096, -25, 996, 92, 3990, 2940, -3990, -741, 348, -81
16097, 43, 921, 114, 2730, 2380, -4760, -739, 351, -81
16098, 195, 2126, -260, 420, 2170, -4270, -744, 366, -88
16099, 8, 1724, -112, -3010, 1400, -3150, -742, 348, -88
16100, 106, 1123, -234, -3430, 4200, -2800, -735, 363, -96
16101, -21, 554, -232, -2940, 2870, -2660, -744, 357, -88
16102, -58, 778, -282, -2590, 3080, -2730, -741, 361, -88
16103, 56, 1667, 3, -5740, 2940, -1610, -741, 369, -88
16104, -12, 1287, 178, -7770, 3920, -1050, -739, 357, -102
16105, -42, 636, 289, -8890, 4760, -1050, -742, 361, -88
16106, -42, 241, 174, -9030, 4690, -700, -738, 366, -94
16107, 2, 319, 171, -7560, 4200, -770, -739, 360, -90
16108, -5, 949, 201, -4900, 4060, 1120, -739, 367, -102
16109, -10, 991, 204, -2170, 4060, 1820, -741, 370, -103
16110, -54, 932, 208, 210, 5040, 2590, -739, 364, -102
16111, -77, 738, 217, 2730, 6300, 3010, -741, 354, -100
16112, 1, 838, 78, 6720, 5320, 3150, -738, 361, -103
16113, 36, 1017, 104, 7630, 3850, 3150, -736, 357, -112
16114, 40, 1147, 141, 7070, 2520, 3220, -738, 360, -103
16115, 55, 1138, 176, 6090, 1610, 3290, -744, 354, -105
16116, 5, 1083, 114, 4970, -420, 2730, -733, 360, -99
16117, -1, 1111, 184, 2100, -4620, 1400, -739, 346, -99
16118, 48, 1166, 197, -210, -6650, 560, -739, 343, -112
16119, 69, 1092, 228, -2380, -8890, -140, -733, 357, -105
16120, 81, 998, 227, -3850, -9170, -770, -744, 349, -103
16121, 84, 864, 230, -4760, -8330, -1890, -735, 358, -105
16122, 36, 1055, 243, -5600, -7070, -2800, -738, 343, -108
16123, 135, 961, 155, -4970, -7140, -3710, -736, 354, -106
16124, 96, 798, 152, -3850, -5460, -4480, -735, 352, -105
16125, 108, 785, 179, -2450, -3920, -5180, -742, 345, -102
16126, 142, 902, 98, 770, -2030, -6230, -735, 337, -99
16127, 90, 1031, 80, 1680, -700, -6580, -741, 349, -112
16128, 63, 970, 184, 2310, 1050, -7000, -736, 352, -109
16129, 35, 1056, 177, 2800, 2310, -7490, -736, 355, -105
16130, 21, 976, 237, 1960, 3780, -8190, -735, 348, -112
16131, 85, 986, 215, 910, 5110, -9100, -733, 342, -106
16132, 97, 1062, 213, -280, 5740, -9310, -739, 346, -108
16133, 121, 1048, 294, -1260, 6790, -9240, -733, 348, -108
16134, 82, 1034, 311, -1890, 8190, -9240, -732, 346, -108
16135, 50, 969, 226, -2380, 10780, -9100, -724, 336, -102
16136, 4, 984, 202, -2310, 12600, -8890, -729, 346, -114
16137, -13, 951, 225, -2030, 14000, -8680, -729, 342, -121
16138, -9, 989, 163, -1820, 14980, -8470, -720, 348, -115
16139, 44, 914, 143, -1330, 15610, -7840, -730, 343, -118
16140, 5, 1008, 85, 560, 16310, -6650, -723, 351, -121
16141, -68, 1056, 94, 980, 16100, -6090, -729, 337, -127
16142, -79, 990, 116, 910, 15400, -5600, -724, 343, -118
16143, -83, 1043, 49, 1190, 14700, -5040, -727, 349, -123
16144, -73, 1055, 34, 1400, 12040, -4480, -729, 336, -136
16145, -109, 1111, 47, 210, 5880, -3220, -729, 351, -118
16146, -136, 986, 9, -980, 560, -2730, -736, 343, -130
16147, -144, 983, 19, -1470, -4760, -2660, -721, 351, -121
16148, -186, 1118, -32, -2170, -10150, -2520, -712, 348, -127
16149, -189, 1148, -21, -3850, -20300, -2380, -720, 345, -126
16150, -138, 1052, 12, -4480, -24500, -2170, -715, 339, -130
16151, -118, 955, -6, -4480, -27860, -2030, -727, 351, -135
16152, -125, 915, -20, -3990, -30030, -1470, -721, 337, -129
16153, -124, 999, 11, -3220, -30730, -910, -721, 346, -130
16154, -103, 959, 51, -1610, -29750, 770, -711, 340, -123
16155, -74, 964, 46, -280, -27930, 1680, -717, 339, -118
16156, -62, 983, 55, 1120, -24780, 2870, -727, 337, -127
16157, -112, 1021, 79, 2310, -22330, 3850, -733, 346, -111
16158, -69, 1063, 65, 3010, -20860, 4830, -726, 346, -121
16159, -34, 1058, 164, 3010, -18550, 6580, -720, 345, -120
16160, -10, 1001, 224, 2590, -17360, 7140, -729, 334, -124
16161, -36, 919, 244, 2100, -15260, 7350, -726, 334, -135
16162, 6, 958, 235, 1750, -13090, 7700, -729, 342, -123
16163, -25, 1050, 238, -700, -7910, 7910, -727, 336, -126
16164, 13, 920, 306, -1750, -6090, 8120, -721, 330, -120
16165, 68, 967, 290, -1890, -4550, 8190, -726, 339, -115
16166, 81, 1054, 302, -2380, -1540, 8330, -726, 336, -121
16167, 65, 1005, 253, -3010, 350, 8540, -723, 334, -115
16168, 236, 1032, -88, 3500, 4830, 8960, -723, 340, -127
16169, 146, 1364, -242, 6370, 12250, 8680, -720, 342, -115
16170, -51, 1260, -204, 6510, 11270, 8400, -721, 339, -120
16171, -211, 911, -107, 6300, 2870, 7630, -729, 337, -117
16172, -32, 861, -111, 6300, -8750, 5180, -732, 349, -115
16173, 45, 1117, -200, 5950, -14910, 2730, -730, 340, -123
16174, 36, 1024, -128, 4970, -19740, 1540, -733, 330, -121
16175, 39, 940, -114, 3710, -26250, -70, -724, 337, -117
16176, 59, 909, -2, 3080, -29890, -1260, -726, 340, -106
16177, 133, 1136, 36, 3290, -24220, -2240, -726, 351, -105
16178, 92, 1158, 67, 3010, -20860, -2170, -727, 336, -111
16179, 78, 1056, 141, 2240, -19810, -2310, -729, 342, -108
16180, 51, 987, 171, 1400, -19180, -2590, -732, 342, -102
16181, 60, 915, 201, 770, -18410, -2800, -727, 331, -97
16182, 23, 916, 249, -770, -15890, -2940, -724, 336, -103
16183, 16, 951, 260, -1820, -15330, -2660, -727, 340, -102
16184, -31, 922, 296, -2520, -14210, -2170, -726, 333, -96
16185, -21, 952, 286, -2730, -12880, -1190, -738, 328, -97
16186, -53, 1002, 302, -2660, -10990, 210, -727, 345, -91
16187, -98, 1161, 274, -2100, -9170, 2660, -721, 331, -93
16188, -109, 1190, 264, -2100, -9240, 3640, -730, 337, -100
16189, -131, 1125, 239, -1680, -10150, 4410, -733, 337, -96
16190, -94, 1022, 183, -1120, -10780, 5320, -727, 327, -93
16191, -43, 936, 90, 210, -11550, 6720, -735, 324, -90
16192, -36, 988, 33, 700, -12810, 7210, -732, 337, -94
16193, -37, 1025, -9, 1050, -15540, 7560, -721, 325, -88
16194, -19, 984, -28, 910, -19250, 7630, -735, 334, -84
16195, -11, 928, -31, 770, -22470, 7280, -729, 330, -84
16196, 46, 966, -81, 1050, -25270, 6510, -732, 337, -85
16197, 88, 1039, -98, 1050, -25060, 6160, -730, 334, -70
16198, 115, 1080, -116, 840, -23030, 5810, -726, 321, -84
16199, 144, 1077, -134, 490, -20720, 5320, -733, 333, -76
16200, 170, 1048, -127, 210, -17920, 4690, -726, 325, -72
16201, 242, 972, -227, 700, -8680, 3430, -733, 327, -66
16202, 230, 962, -236, 1680, -630, 3290, -730, 313, -78
16203, 126, 1011, -254, 2380, 140, 2450, -730, 324, -78
16204, 54, 1088, -300, 1540, -5880, 630, -730, 331, -85
16205, 117, 1102, -247, 630, -10220, -2450, -733, 333, -73
16206, 130, 1020, -203, 770, -10990, -3360, -733, 315, -81
16207, 130, 988, -150, 1190, -10710, -4060, -724, 330, -70
16208, 160, 1054, 5, 1330, -10850, -4550, -726, 316, -81
16209, 133, 1096, 189, 280, -8330, -4900, -726, 330, -66
16210, 89, 905, 387, -2800, -6300, -5600, -727, 325, -67
16211, 118, 827, 346, -3430, -4060, -5810, -730, 325, -69
16212, 140, 847, 247, -2800, 1260, -5670, -732, 327, -73
16213, 142, 924, 171, -1750, 7280, -5250, -723, 322, -79
16214, 102, 1011, 157, -770, 10500, -4970, -727, 321, -75
16215, 13, 1067, 233, -770, 7770, -5250, -729, 324, -78
16216, 7, 1016, 256, -1050, 6090, -5390, -720, 319, -69
16217, 21, 943, 252, -980, 6090, -5460, -739, 330, -69
16218, 44, 885, 240, -700, 7490, -5110, -730, 321, -85
16219, 47, 901, 261, 490, 11060, -4130, -733, 327, -70
16220, 22, 947, 270, 840, 11900, -3780, -727, 327, -94
16221, -1, 977, 253, 1190, 12110, -3710, -726, 333, -78
16222, -1, 989, 233, 1540, 12390, -3780, -729, 325, -81
16223, 29, 998, 221, 1750, 11760, -3990, -724, 330, -81
16224, 89, 1014, 213, 1750, 9870, -4130, -724, 328, -78
16225, 72, 1010, 215, 1610, 9100, -4130, -724, 330, -84
16226, 38, 1005, 215, 1330, 8540, -4200, -729, 333, -87
16227, 14, 997, 212, 980, 8190, -4270, -729, 321, -76
16228, -8, 992, 211, 210, 8260, -4480, -727, 319, -79
16229, 24, 954, 209, -280, 8330, -4620, -735, 336, -81
16230, 45, 929, 176, -630, 8400, -4550, -724, 321, -79
16231, 65, 933, 145, -910, 8680, -4550, -723, 324, -82
16232, 61, 963, 151, -980, 8820, -4620, -721, 325, -84
16233, 28, 1037, 217, -1400, 8260, -5110, -729, 339, -87
16234, 24, 1036, 246, -1680, 6720, -5460, -724, 324, -85
16235, 23, 1007, 255, -1960, 5460, -5810, -738, 334, -85
16236, 11, 974, 245, -1890, 3990, -6090, -721, 328, -85
16237, -10, 948, 228, -1820, 2450, -6230, -723, 325, -75
16238, -30, 935, 216, -1540, -630, -6300, -727, 333, -87
16239, -30, 944, 229, -1260, -2380, -6230, -718, 328, -82
16240, -21, 953, 244, -1190, -4060, -6090, -723, 339, -96
16241, -19, 968, 253, -1050, -5320, -5880, -726, 336, -81
16242, -15, 974, 254, -630, -6090, -5320, -724, 331, -87
16243, -11, 960, 231, -420, -6020, -5040, -723, 334, -75
16244, -10, 955, 226, -140, -5880, -4760, -718, 336, -84
16245, -7, 956, 225, -70, -5670, -4480, -724, 328, -81
16246, -4, 957, 231, 0, -5250, -4200, -724, 334, -87
16247, 11, 972, 232, 70, -4410, -3570, -721, 333, -87
16248, 8, 985, 224, 140, -3850, -3220, -726, 339, -82
16249, -4, 991, 218, 0, -3500, -2940, -724, 330, -99
16250, -9, 985, 217, 0, -3220, -2590, -727, 331, -79
16251, -9, 973, 221, 70, -2450, -2310, -723, 327, -78
16252, -9, 966, 229, 210, -910, -1610, -720, 342, -88
16253, -18, 972, 229, 140, -1470, -1400, -721, 331, -81
16254, -19, 979, 224, -70, -2450, -1260, -730, 333, -85
16255, -17, 984, 216, -70, -3290, -1050, -720, 333, -82
16256, -21, 984, 211, -350, -5810, -980, -718, 334, -81
16257, -20, 987, 216, -490, -7140, -910, -723, 336, -84
16258, -10, 977, 228, -490, -7840, -840, -724, 330, -84
16259, -3, 959, 237, -490, -7840, -630, -711, 331, -87
16260, 1, 950, 239, -280, -7350, -210, -720, 328, -85
16261, -5, 965, 229, -140, -5950, 420, -720, 337, -85
16262, -12, 978, 219, -140, -6020, 700, -723, 327, -78
16263, -3, 985, 216, -140, -5810, 980, -724, 328, -84
16264, 1, 986, 219, 70, -5250, 1400, -718, 325, -70
16265, 8, 984, 227, 0, -4480, 1750, -724, 325, -76
16266, 2, 978, 235, 210, -1540, 2660, -724, 334, -78
16267, 0, 964, 233, 210, -910, 3010, -721, 322, -76
16268, 3, 952, 232, 420, -140, 3360, -721, 330, -87
16269, 2, 949, 230, 630, 350, 3640, -723, 336, -78
16270, 12, 957, 236, 980, 770, 3990, -727, 333, -78
16271, 27, 959, 243, 1190, 1400, 4200, -723, 336, -82
16272, 40, 966, 243, 1400, 2450, 4410, -726, 330, -75
16273, 39, 973, 238, 1540, 3430, 4480, -730, 321, -69
16274, 34, 981, 228, 1610, 4060, 4620, -724, 339, -75
16275, 30, 985, 209, 1540, 4830, 4620, -718, 322, -73
16276, 37, 986, 204, 1330, 5320, 4620, -727, 330, -82
16277, 40, 986, 203, 1190, 6090, 4690, -718, 334, -78
16278, 46, 982, 208, 1120, 6860, 4690, -733, 333, -73
16279, 62, 971, 219, 1120, 8540, 4900, -723, 337, -79
16280, 86, 944, 254, 1960, 18200, 5880, -726, 327, -75
16281, 108, 932, 267, 2660, 22610, 6580, -715, 331, -82
16282, 53, 946, 263, 3220, 26390, 6720, -724, 322, -90
16283, 52, 962, 258, 3570, 28700, 7070, -727, 330, -85
16284, 11, 997, 219, 3360, 29400, 7210, -733, 334, -85
16285, -18, 999, 199, 3080, 28070, 7210, -724, 328, -82
16286, -29, 1002, 179, 2520, 25340, 7140, -732, 331, -88
16287, -31, 1005, 166, 1960, 21700, 7000, -729, 336, -87
16288, -25, 1005, 160, 1400, 19040, 6720, -733, 328, -96
16289, -14, 985, 178, 630, 13650, 6440, -727, 336, -82
16290, -15, 985, 195, 350, 11270, 6440, -723, 336, -93
16291, -25, 990, 213, 70, 8960, 6230, -727, 330, -94
16292, -20, 987, 231, -140, 6440, 6090, -730, 318, -85
16293, -33, 975, 235, -280, 3150, 5810, -732, 327, -85
16294, -26, 955, 229, -420, -4550, 4970, -727, 330, -84
16295, -20, 955, 223, -350, -8540, 4480, -724, 325, -81
16296, -15, 959, 218, -350, -12460, 3990, -721, 325, -96
16297, 1, 962, 219, -420, -15960, 3570, -736, 336, -87
16298, 33, 982, 218, -560, -20090, 2870, -727, 328, -91
16299, 48, 988, 214, -700, -20580, 2730, -724, 324, -72
16300, 69, 996, 211, -840, -19880, 2800, -727, 321, -79
16301, 80, 992, 207, -840, -18060, 3010, -721, 330, -82
16302, 99, 988, 203, -910, -15260, 3290, -723, 319, -84
16303, 120, 990, 207, -1050, -5040, 4130, -729, 328, -78
16304, 138, 994, 235, -1050, -210, 4550, -727, 318, -87
16305, 97, 970, 262, -1260, 3430, 4900, -729, 325, -94
16306, 94, 935, 263, -1260, 6300, 5110, -732, 331, -73
16307, 68, 937, 270, -910, 8470, 5180, -730, 319, -84
16308, 44, 970, 268, -210, 10710, 5320, -724, 325, -87
16309, 27, 945, 264, 70, 9800, 5320, -732, 330, -84
16310, 15, 934, 255, 350, 7910, 4970, -724, 318, -79
16311, 4, 923, 269, 1190, 3010, 4410, -739, 330, -88
16312, 48, 1002, 214, 560, 6020, 5320, -727, 316, -88
16313, 5, 972, 240, 140, 6370, 5110, -741, 328, -87
16314, 51, 964, 247, 210, 3780, 4830, -729, 322, -87
16315, 34, 956, 246, 140, 2100, 4410, -735, 322, -90
16316, 91, 956, 247, 70, 2380, 4550, -738, 327, -90
16317, 61, 980, 240, 210, 3920, 5110, -733, 321, -84
16318, 14, 963, 245, 280, 4200, 5180, -726, 325, -93
16319, 32, 947, 245, 420, 3290, 5110, -736, 322, -85
16320, 17, 950, 236, 630, 2450, 4970, -730, 321, -97
16321, 58, 956, 238, 700, 980, 5040, -730, 322, -84
16322, 53, 981, 233, 560, 210, 5110, -732, 310, -88
16323, 44, 989, 234, 280, -70, 5180, -739, 322, -99
16324, 54, 988, 241, 140, 350, 5250, -741, 328, -88
16325, 48, 985, 238, -70, 910, 5320, -744, 324, -82
16326, 71, 961, 245, 140, 1470, 5600, -735, 324, -87
16327, 56, 942, 244, 420, 2800, 5950, -736, 319, -79
16328, 62, 930, 247, 770, 3010, 5950, -735, 325, -91
16329, 125, 961, 241, 1050, 4690, 5950, -729, 321, -82
16330, 86, 977, 238, 770, 8470, 6510, -732, 318, -93
16331, 55, 979, 228, 560, 8260, 6790, -736, 316, -88
16332, 39, 961, 233, 420, 7210, 6160, -738, 316, -88
16333, 34, 970, 224, 280, 4270, 5810, -738, 313, -109
16334, 23, 987, 214, 0, 1960, 5180, -738, 319, -94
16335, 35, 980, 210, -490, -4270, 4760, -742, 316, -88
16336, 25, 969, 211, -420, -7280, 4830, -735, 333, -93
16337, 15, 986, 210, -560, -8330, 4830, -735, 325, -93
16338, 24, 996, 205, -630, -9100, 5250, -732, 321, -90
16339, 17, 989, 201, -630, -9170, 5600, -736, 325, -97
16340, 91, 966, 201, -560, -6300, 6440, -739, 322, -88
16341, 132, 968, 196, -420, -2800, 7070, -736, 322, -97
16342, 135, 965, 195, -140, 1120, 7420, -744, 319, -94
16343, 153, 961, 194, 140, 4550, 7700, -736, 313, -91
16344, 129, 952, 193, 490, 7210, 7840, -733, 324, -93
16345, 111, 963, 183, 980, 9100, 7560, -733, 322, -96
16346, 129, 979, 178, 1120, 10360, 7280, -742, 322, -88
16347, 107, 994, 175, 1120, 11200, 7280, -741, 313, -90
16348, 89, 1000, 171, 770, 11480, 7140, -750, 315, -97
16349, 75, 1002, 166, 350, 10080, 6510, -741, 309, -96
16350, 145, 985, 176, 210, 10990, 6160, -747, 316, -91
16351, 190, 969, 175, 420, 13580, 5880, -744, 315, -99
16352, 213, 958, 176, 700, 17640, 5740, -741, 318, -94
16353, 163, 951, 165, 980, 19530, 5460, -744, 310, -100
16354, 94, 965, 167, 1050, 14070, 3780, -750, 321, -91
16355, 106, 991, 180, 1190, 12670, 3150, -732, 309, -103
16356, 108, 1007, 188, 1260, 13090, 2730, -748, 324, -97
16357, 133, 1011, 196, 1190, 14070, 2170, -742, 313, -96
16358, 150, 999, 196, 1050, 14840, 1750, -756, 316, -102
16359, 190, 965, 200, 700, 17850, 1190, -742, 307, -105
16360, 222, 954, 204, 770, 21630, 980, -745, 313, -102
16361, 214, 950, 206, 840, 27510, 1050, -744, 313, -106
16362, 180, 969, 203, 1120, 31570, 840, -735, 307, -96
16363, 144, 974, 208, 1400, 36120, 490, -738, 316, -112
16364, 140, 960, 215, 1960, 38850, 350, -741, 312, -102
16365, 128, 942, 222, 2520, 40810, 280, -738, 316, -105
16366, 88, 934, 219, 2870, 40810, 0, -747, 315, -112
16367, 96, 939, 223, 3220, 39130, -840, -727, 313, -108
16368, 124, 970, 231, 3010, 33320, -3080, -748, 306, -126
16369, 107, 978, 237, 2520, 30240, -4270, -733, 306, -114
16370, 121, 988, 236, 2030, 26950, -5320, -744, 315, -117
16371, 74, 986, 237, 1470, 22890, -6440, -735, 313, -114
16372, 53, 976, 243, 1050, 18130, -7210, -738, 312, -123
16373, -23, 980, 239, 770, 11690, -8400, -745, 322, -114
16374, -38, 985, 246, 700, 7700, -8960, -741, 316, -124
16375, -47, 931, 259, 980, -70, -9520, -736, 310, -120
16376, 48, 980, 211, 280, 4340, -10220, -739, 307, -127
16377, 40, 958, 275, 560, -3220, -10010, -741, 322, -109
16378, -27, 953, 240, 70, -5390, -9520, -739, 310, -118
16379, -53, 967, 228, -210, -7210, -9590, -739, 315, -121
16380, -82, 979, 232, -490, -10220, -9380, -742, 321, -121
16381, -66, 997, 219, -770, -13300, -9450, -741, 315, -123
16382, -48, 967, 235, -910, -21070, -8820, -733, 321, -109
16383, -29, 962, 237, -1050, -23590, -8260, -733, 321, -106
16384, -42, 980, 219, -1050, -24710, -7910, -730, 312, -126
16385, -56, 969, 221, -980, -27370, -7420, -745, 324, -108
16386, -20, 950, 227, -1050, -29750, -7210, -735, 319, -109
16387, 84, 972, 235, -1120, -28000, -6370, -735, 315, -109
16388, 112, 994, 231, -1190, -24080, -5670, -735, 319, -103
16389, 144, 988, 242, -1050, -18760, -4900, -741, 313, -109
16390, 133, 972, 240, -910, -12810, -4200, -733, 309, -105
16391, 111, 970, 228, -420, -2240, -3080, -730, 321, -105
16392, 100, 965, 225, -140, 1610, -2730, -732, 318, -111
16393, 101, 949, 228, 140, 3990, -2520, -732, 307, -111
16394, 97, 940, 230, 490, 6230, -2590, -733, 322, -109
16395, 105, 955, 230, 770, 8260, -2660, -730, 324, -114
16396, 104, 984, 230, 1120, 12040, -2800, -727, 313, -115
16397, 111, 974, 239, 1330, 14350, -2730, -738, 327, -97
16398, 106, 969, 237, 1330, 17640, -2660, -729, 321, -118
16399, 104, 970, 238, 1400, 20720, -2450, -736, 333, -108
16400, 90, 973, 232, 1400, 23520, -2170, -724, 319, -111
16401, 37, 964, 231, 1330, 27020, -1610, -738, 322, -123
16402, 5, 973, 230, 1260, 27650, -1400, -729, 313, -120
16403, -19, 985, 227, 1330, 27090, -1190, -729, 319, -111
16404, -50, 986, 223, 1260, 25270, -1050, -730, 325, -126
16405, -78, 966, 220, 1050, 17290, -980, -738, 316, -121
16406, -98, 966, 214, 910, 12110, -980, -729, 324, -120
16407, -93, 966, 216, 700, 6440, -910, -738, 330, -114
16408, -85, 969, 219, 560, 2100, -770, -733, 324, -120
16409, -56, 973, 225, 350, -770, -490, -730, 318, -114
16410, -9, 992, 227, 0, -2660, 490, -738, 318, -117
16411, 7, 993, 227, -280, -2310, 1050, -736, 325, -114
16412, 18, 987, 227, -350, -1120, 1610, -729, 315, -109
16413, 20, 979, 226, -420, 0, 2100, -729, 328, -123
16414, 17, 974, 223, -490, 1400, 2730, -733, 312, -123
16415, 23, 968, 220, -210, 1680, 2940, -732, 319, -117
16416, 37, 963, 222, 0, 1750, 3010, -735, 325, -127
16417, 45, 964, 220, 70, 1820, 3010, -733, 307, -111
16418, 53, 967, 220, 210, 2170, 3010, -726, 322, -124
16419, 61, 976, 218, 210, 3150, 2870, -739, 319, -117
16420, 53, 980, 214, 70, 3150, 2590, -733, 324, -124
16421, 57, 979, 218, -70, 2660, 2380, -735, 307, -117
16422, 55, 979, 216, -140, 2730, 2240, -736, 322, -133
16423, 44, 972, 219, -210, 2310, 2240, -732, 318, -120
16424, 30, 968, 218, -140, 980, 1750, -735, 327, -120
16425, 20, 968, 213, -140, -420, 1470, -738, 318, -121
16426, 3, 974, 204, -280, -3080, 1190, -733, 315, -118
16427, 31, 979, 216, -420, -4550, 1120, -729, 319, -111
16428, -73, 981, 170, -1120, -12950, 350, -741, 324, -124
16429, 18, 981, 206, -1120, -12320, -140, -739, 324, -121
16430, 62, 960, 212, -840, -12880, -70, -738, 324, -117
16431, 51, 961, 212, -700, -12530, -210, -742, 324, -126
16432, 78, 980, 209, -560, -12110, 70, -739, 325, -114
16433, 82, 983, 206, -560, -11060, 140, -738, 316, -120
16434, 108, 967, 220, -420, -7210, 70, -735, 327, -108
16435, 144, 955, 224, -70, -3220, 0, -727, 325, -111
16436, 136, 964, 213, 0, 210, 140, -735, 318, -121
16437, 124, 981, 208, 70, 2240, 210, -741, 325, -114
16438, 58, 970, 211, 70, 4200, 70, -736, 333, -115
16439, 40, 969, 214, 140, 4760, -210, -735, 318, -117
16440, 53, 978, 212, 210, 4970, -630, -733, 315, -114
16441, 59, 978, 213, 350, 5110, -630, -741, 321, -124
16442, 64, 967, 214, 420, 3850, -700, -741, 321, -115
16443, 24, 976, 209, 280, 2660, -910, -738, 316, -118
16444, 4, 989, 205, 140, 1260, -1190, -733, 324, -114
16445, 10, 983, 206, 0, -210, -1470, -732, 322, -117
16446, 22, 966, 213, -210, -1820, -1540, -730, 319, -121
16447, -26, 981, 200, -280, -4270, -1120, -730, 321, -112
16448, 74, 995, 228, -140, -4270, -1050, -736, 325, -112
16449, 11, 990, 220, 140, -1540, -630, -738, 330, -120
16450, 125, 959, 246, 490, 3080, -350, -733, 312, -114
16451, 87, 957, 234, 840, 7910, 560, -735, 327, -115
16452, 0, 977, 212, 1190, 16240, 2730, -729, 312, -123
16453, 5, 968, 228, 840, 16660, 3080, -733, 325, -120
16454, -79, 982, 213, 560, 15540, 3430, -742, 318, -118
16455, -59, 990, 219, 140, 12740, 3010, -736, 330, -118
16456, -89, 996, 217, -350, 1960, 2730, -733, 313, -118
16457, -81, 974, 211, -630, -4690, 2870, -730, 324, -112
16458, -42, 966, 216, -770, -9800, 2520, -735, 315, -109
16459, -13, 962, 217, -630, -12320, 2730, -739, 324, -115
16460, 70, 952, 232, -420, -10570, 2800, -742, 318, -115
16461, 136, 967, 236, 140, -210, 4200, -730, 309, -118
16462, 108, 994, 227, 70, 3290, 4970, -735, 318, -118
16463, 50, 1010, 216, -280, 4830, 5180, -739, 313, -120
16464, 0, 996, 213, -700, 3850, 5250, -735, 313, -121
16465, -32, 975, 211, -840, 1610, 4760, -735, 315, -117
16466, -3, 960, 209, -910, -6650, 3710, -736, 322, -123
16467, 31, 960, 212, -910, -10710, 3500, -744, 318, -115
16468, 44, 964, 213, -700, -13020, 3220, -733, 315, -124
16469, 65, 973, 215, -630, -14210, 3010, -736, 312, -109
16470, 110, 986, 213, -770, -11270, 2660, -732, 316, -115
16471, 135, 973, 216, -630, -8190, 2660, -745, 321, -118
16472, 157, 959, 222, -630, -4620, 2940, -738, 318, -120
16473, 140, 961, 222, -420, -770, 3150, -745, 315, -118
16474, 114, 971, 219, -210, 2170, 3360, -741, 316, -114
16475, 55, 978, 215, -70, 2800, 2800, -742, 315, -118
16476, 44, 978, 213, -70, 1400, 2240, -744, 310, -121
16477, 70, 973, 218, 0, -420, 1680, -736, 309, -121
16478, 85, 969, 218, -70, -1680, 1120, -739, 319, -108
16479, 111, 963, 223, -140, -2030, 770, -739, 315, -112
16480, 130, 963, 230, 0, 140, 210, -736, 321, -114
16481, 120, 967, 231, 140, 2310, 0, -741, 316, -114
16482, 116, 968, 233, 280, 4060, -210, -744, 313, -112
16483, 98, 971, 234, 350, 5180, -490, -739, 313, -117
16484, 63, 968, 232, 420, 5670, -840, -736, 313, -109
16485, 47, 967, 231, 420, 4760, -1050, -736, 325, -114
16486, 29, 969, 228, 280, 3220, -1400, -730, 324, -124
16487, 27, 971, 228, 140, 910, -1750, -733, 316, -111
16488, 27, 975, 227, 0, -1400, -2030, -732, 321, -111
16489, 54, 977, 229, -280, -4620, -2660, -738, 318, -117
16490, 72, 974, 229, -280, -4900, -2800, -742, 325, -121
16491, 84, 968, 229, -210, -4270, -2940, -733, 313, -109
16492, 90, 964, 227, -70, -3360, -3010, -735, 321, -109
16493, 88, 963, 226, 0, -2310, -3010, -735, 319, -115
16494, 80, 970, 222, 0, -770, -3290, -742, 310, -117
16495, 77, 976, 220, 0, -630, -3570, -732, 316, -129
16496, 75, 978, 219, 70, -700, -3850, -730, 328, -124
16497, 72, 977, 220, 0, -560, -3990, -744, 313, -117
16498, 60, 969, 216, 0, -840, -4410, -739, 316, -108
16499, 56, 968, 214, 0, -1330, -4620, -729, 315, -115
16500, 58, 970, 214, 70, -1890, -4900, -732, 313, -112
16501, 61, 972, 215, -70, -2380, -5110, -742, 321, -117
16502, 70, 973, 217, 70, -2660, -5460, -735, 319, -124
16503, 83, 973, 221, 140, -1960, -5810, -735, 316, -114
16504, 83, 971, 222, 210, -1050, -5950, -733, 321, -117
16505, 79, 970, 223, 210, 140, -5950, -729, 325, -127
16506, 70, 970, 222, 350, 1400, -5880, -736, 324, -123
16507, 64, 972, 222, 350, 2520, -5810, -732, 321, -118
16508, 63, 968, 227, 490, 4970, -5740, -738, 318, -118
16509, 65, 966, 229, 560, 6160, -5600, -732, 313, -121
16510, 67, 969, 230, 770, 7630, -5530, -736, 324, -118
16511, 76, 965, 235, 770, 9380, -5460, -732, 324, -124
16512, 71, 960, 239, 1330, 13510, -5040, -732, 321, -114
16513, 34, 967, 233, 1400, 14560, -4970, -735, 321, -124
16514, 0, 977, 227, 1190, 13370, -4900, -729, 322, -115
16515, -38, 982, 224, 840, 11060, -5040, -732, 321, -117
16516, -56, 986, 224, 630, 6790, -5320, -733, 325, -120
16517, -77, 974, 219, -70, -1890, -5600, -715, 316, -115
16518, -72, 978, 215, -280, -6020, -5600, -735, 324, -117
16519, -53, 984, 215, -420, -9380, -5390, -730, 310, -103
16520, -28, 976, 218, -560, -10780, -5110, -723, 324, -111
16521, -7, 971, 214, -560, -10570, -4410, -736, 318, -123
16522, 47, 987, 212, -490, -9380, -4130, -733, 321, -114
16523, 64, 980, 214, -350, -7000, -3850, -727, 327, -118
16524, 62, 966, 209, -350, -5740, -3780, -724, 316, -114
16525, 70, 964, 209, -280, -4830, -3780, -732, 324, -111
16526, 80, 971, 214, 210, -910, -3850, -726, 322, -111
16527, 71, 957, 217, 350, 1190, -3920, -733, 324, -109
16528, 37, 965, 208, 350, 1470, -3990, -724, 321, -106
16529, 38, 992, 209, 280, 1190, -3990, -736, 325, -121
16530, 25, 996, 211, 280, 1680, -4060, -730, 318, -126
16531, 37, 961, 224, 350, 4060, -4130, -736, 318, -114
16532, 41, 969, 222, 420, 4760, -3990, -726, 327, -112
16533, 21, 977, 216, 420, 4480, -3850, -724, 313, -115
16534, 0, 972, 216, 420, 3360, -3780, -729, 324, -117
16535, -14, 967, 220, 210, 840, -4340, -727, 330, -115
16536, 6, 988, 222, 70, 210, -4480, -723, 330, -106
16537, 19, 986, 222, 70, -840, -4620, -726, 330, -108
16538, 30, 973, 224, 0, -1750, -4690, -735, 324, -111
16539, 42, 963, 227, 70, -1890, -4830, -726, 331, -115
16540, 48, 970, 223, 70, -1120, -5390, -723, 331, -114
16541, 56, 971, 222, 140, -910, -5810, -729, 324, -118
16542, 71, 965, 227, 210, -630, -6160, -723, 325, -118
16543, 77, 965, 229, 280, 210, -6510, -730, 321, -114
16544, 80, 965, 231, 350, 1610, -6720, -720, 321, -114
16545, 36, 972, 227, 560, 3710, -7140, -732, 325, -109
16546, 21, 974, 227, 630, 3920, -7350, -711, 322, -117
16547, 11, 975, 226, 560, 3920, -7490, -729, 328, -111
16548, 5, 975, 225, 490, 3640, -7560, -724, 321, -112
16549, 0, 975, 226, 490, 3080, -7490, -730, 334, -114
16550, -17, 969, 225, 420, 2590, -7490, -726, 321, -114
16551, -17, 970, 223, 560, 2170, -7420, -721, 337, -115
16552, -12, 972, 222, 490, 2030, -7350, -717, 321, -114
16553, -5, 973, 222, 490, 2100, -7210, -729, 327, -109
16554, -11, 971, 223, 490, 2240, -6860, -729, 330, -111
16555, -21, 973, 222, 490, 2170, -6720, -723, 336, -111
16556, -29, 977, 221, 420, 1820, -6510, -717, 336, -114
16557, -31, 977, 221, 420, 1470, -6440, -730, 330, -106
16558, -31, 976, 222, 350, 1120, -6300, -720, 325, -111
16559, -27, 978, 221, 210, 0, -6020, -718, 328, -115
16560, -25, 977, 219, 140, -630, -5880, -720, 333, -114
16561, -23, 975, 219, 70, -1120, -5880, -727, 330, -111
16562, -22, 975, 217, 0, -1400, -5810, -715, 327, -108
16563, -18, 975, 215, 0, -2450, -5880, -714, 328, -115
16564, -15, 974, 215, 0, -3150, -5950, -715, 325, -112
16565, -13, 974, 214, 0, -3850, -6020, -718, 336, -118
16566, -12, 973, 216, 70, -4340, -6160, -724, 333, -109
16567, -10, 973, 215, 70, -4480, -6230, -726, 330, -102
16568, 1, 972, 219, 210, -3080, -6090, -721, 339, -114
16569, 3, 975, 221, 280, -1890, -5880, -711, 334, -115
16570, -1, 981, 220, 210, -560, -5740, -720, 333, -111
16571, -12, 986, 218, 210, 280, -5670, -720, 327, -103
16572, -22, 985, 217, 70, 560, -5670, -718, 343, -117
16573, -38, 975, 214, -70, -840, -5670, -717, 337, -106
16574, -44, 969, 214, -70, -1960, -5740, -723, 328, -114
16575, -49, 968, 215, -70, -3150, -5810, -726, 336, -112
16576, -48, 970, 213, -70, -4410, -5740, -715, 325, -109
16577, -28, 975, 217, 0, -5180, -5740, -718, 330, -121
16578, -17, 977, 217, 0, -4760, -5530, -717, 337, -111
16579, -9, 978, 217, -70, -3850, -5460, -715, 330, -112
16580, -5, 978, 217, -70, -2730, -5320, -721, 328, -118
16581, -5, 977, 217, -70, -1680, -5250, -717, 331, -114
16582, -11, 972, 214, -70, -490, -5250, -712, 334, -108
16583, -14, 970, 216, 0, -140, -5320, -712, 331, -105
16584, -19, 969, 218, 70, -70, -5390, -715, 330, -118
16585, -22, 969, 217, 210, -70, -5460, -712, 334, -109
16586, -28, 971, 216, 280, -140, -5530, -711, 340, -124
16587, -38, 976, 218, 280, -630, -5600, -718, 328, -103
16588, -42, 977, 218, 210, -840, -5530, -721, 328, -111
16589, -45, 977, 218, 70, -1120, -5530, -714, 331, -111
16590, -46, 975, 218, 0, -1400, -5390, -711, 333, -120
16591, -59, 974, 220, 0, -2170, -5250, -712, 334, -106
16592, -65, 975, 218, -70, -2800, -5110, -715, 333, -105
16593, -68, 976, 218, -70, -3570, -4970, -720, 330, -105
16594, -66, 976, 217, -70, -4270, -4830, -712, 325, -111
16595, -63, 974, 218, -210, -4900, -4690, -715, 333, -114
16596, -61, 974, 216, -210, -5250, -4270, -723, 333, -105
16597, -62, 978, 213, -210, -5320, -3990, -715, 330, -108
16598, -57, 984, 213, 0, -6230, -3990, -715, 336, -115
16599, -52, 989, 215, -280, -5320, -3570, -717, 333, -108
16600, -54, 971, 208, -420, -5180, -3430, -708, 334, -111
16601, -44, 971, 217, -280, -4130, -2940, -709, 336, -106
16602, -55, 974, 208, -140, -3920, -2730, -712, 337, -103
16603, -56, 974, 209, -70, -3710, -2520, -717, 334, -103
16604, -51, 978, 210, 0, -3220, -2310, -706, 339, -102
16605, -44, 982, 216, -210, -1890, -1820, -706, 325, -111
16606, -48, 979, 214, -280, -1680, -1680, -709, 330, -103
16607, -53, 974, 215, -350, -1820, -1610, -711, 337, -111
16608, -56, 971, 217, -420, -1960, -1540, -717, 340, -108
16609, -58, 973, 216, -490, -2380, -1540, -711, 339, -112
16610, -48, 976, 217, -350, -3850, -1680, -717, 333, -103
16611, -43, 973, 218, -350, -4410, -1680, -711, 349, -105
16612, -37, 973, 218, -280, -4620, -1750, -720, 337, -97
16613, -31, 972, 219, -280, -4480, -1820, -708, 333, -111
16614, -28, 971, 214, -70, -4340, -2030, -715, 343, -108
16615, -20, 971, 218, -140, -4200, -2170, -721, 345, -106
16616, -15, 974, 222, -210, -3710, -2310, -711, 337, -105
16617, -18, 975, 221, -280, -3570, -2590, -709, 343, -102
16618, -25, 976, 219, -280, -3360, -2800, -711, 334, -112
16619, -21, 968, 222, -70, -3010, -3220, -720, 346, -100
16620, -14, 969, 223, 0, -2590, -3360, -715, 343, -106
16621, -24, 970, 219, 0, -2100, -3500, -718, 340, -105
16622, -21, 971, 228, 280, -2870, -3780, -714, 339, -114
16623, -29, 974, 227, 140, -1820, -3780, -708, 339, -108
16624, -42, 975, 226, 140, -1540, -3990, -709, 342, -106
16625, -46, 975, 227, 0, -1750, -4060, -708, 339, -105
16626, -52, 974, 228, -140, -1890, -4130, -714, 339, -102
16627, -54, 971, 226, -210, -2240, -4130, -709, 337, -102
16628, -56, 969, 227, -210, -2730, -4060, -708, 334, -100
16629, -60, 971, 226, -210, -3500, -4060, -712, 348, -109
16630, -61, 973, 224, -210, -3990, -4130, -705, 340, -108
16631, -61, 975, 224, -350, -4130, -4060, -706, 333, -106
16632, -60, 976, 223, -210, -4200, -3990, -709, 336, -100
16633, -58, 973, 221, -350, -4060, -3710, -705, 340, -106
16634, -60, 971, 219, -210, -4060, -3640, -709, 334, -108
16635, -58, 971, 222, -280, -3780, -3430, -711, 339, -105
16636, -62, 973, 217, -210, -3360, -3290, -703, 342, -105
16637, -63, 975, 219, -210, -3080, -3080, -706, 337, -106
16638, -62, 977, 223, -140, -2940, -2730, -697, 339, -105
16639, -70, 974, 213, -280, -2100, -2450, -706, 336, -100
16640, -70, 975, 216, -210, -2030, -2240, -700, 336, -106
16641, -69, 976, 218, -210, -2030, -2100, -700, 348, -99
16642, -67, 973, 218, -210, -1820, -1680, -709, 343, -97
16643, -70, 972, 218, -70, -1680, -1470, -708, 348, -103
16644, -68, 973, 220, 0, -1470, -1260, -706, 337, -99
16645, -67, 975, 222, -140, -1050, -980, -717, 340, -102
16646, -67, 975, 220, -140, -770, -770, -706, 343, -102
16647, -61, 975, 221, -70, -210, -420, -714, 330, -94
16648, -61, 973, 221, -70, 0, -280, -702, 328, -112
16649, -61, 970, 220, 0, 0, -210, -709, 340, -94
16650, -61, 969, 223, -70, 140, -140, -712, 345, -102
16651, -68, 970, 218, -70, 210, 0, -711, 339, -99
16652, -60, 973, 224, 0, -70, 70, -711, 334, -109
16653, -57, 973, 223, -70, 0, 140, -714, 342, -99
16654, -55, 973, 224, 0, 140, 210, -705, 333, -103
16655, -54, 974, 225, 0, 140, 210, -709, 339, -99
16656, -53, 972, 225, 0, 210, 210, -694, 340, -106
16657, -49, 970, 225, -70, 210, 210, -708, 342, -97
16658, -48, 971, 224, -70, 280, 140, -694, 342, -106
16659, -46, 971, 225, -70, 420, 210, -700, 339, -106
16660, -46, 970, 224, 0, 560, 70, -712, 345, -111
16661, -44, 972, 226, 70, 840, -140, -709, 337, -99
16662, -42, 972, 224, 140, 980, -210, -709, 340, -112
16663, -41, 971, 224, 70, 1190, -280, -708, 336, -97
16664, -42, 972, 224, 70, 1400, -350, -709, 340, -97
16665, -46, 973, 223, 70, 1470, -350, -709, 336, -96
16666, -55, 972, 222, 70, 1540, -420, -705, 343, -106
16667, -58, 972, 223, 70, 1610, -560, -703, 333, -117
16668, -61, 973, 223, 70, 1400, -560, -706, 333, -103
16669, -63, 971, 223, 210, 910, -560, -706, 339, -102
16670, -60, 975, 224, -140, 1050, -490, -718, 346, -100
16671, -61, 975, 221, 70, 770, -420, -700, 343, -90
16672, -61, 975, 221, 70, 840, -280, -711, 337, -106
16673, -62, 974, 223, 0, 700, -280, -702, 336, -99
16674, -64, 973, 222, 70, 630, -210, -711, 336, -99
16675, -66, 971, 221, 210, 420, 0, -712, 343, -109
16676, -67, 972, 222, 70, 280, 70, -714, 340, -108
16677, -67, 976, 221, 140, 140, 140, -709, 340, -108
16678, -66, 976, 220, 140, 140, 280, -705, 336, -96
16679, -64, 974, 219, -140, 770, 420, -714, 343, -100
16680, -62, 973, 211, 0, 770, 560, -708, 343, -105
16681, -56, 974, 217, -70, 770, 630, -703, 336, -108
16682, -57, 975, 216, -70, 630, 700, -708, 345, -97
16683, -59, 975, 215, 70, 140, 630, -712, 340, -105
16684, -61, 972, 215, 350, -1120, 280, -706, 336, -102
16685, -51, 971, 218, 0, -1050, 280, -711, 334, -100
16686, -50, 974, 215, 0, -1050, 280, -708, 346, -97
16687, -41, 971, 220, -140, -560, 280, -703, 337, -99
16688, -48, 976, 215, 0, -420, 280, -712, 343, -105
16689, -47, 975, 216, 70, -350, 140, -712, 339, -100
16690, -49, 974, 218, 70, -70, 140, -706, 348, -105
16691, -53, 972, 218, 70, -140, 70, -700, 334, -99
16692, -57, 972, 217, 140, -700, 0, -706, 346, -100
16693, -59, 971, 219, 140, -910, -70, -709, 331, -109
16694, -56, 974, 220, 140, -1260, -70, -712, 336, -102
16695, -52, 974, 220, 70, -1050, -140, -708, 330, -100
16696, -50, 974, 221, 140, -980, -140, -700, 340, -108
16697, -49, 973, 223, 210, -490, -70, -706, 346, -100
16698, -51, 973, 225, -70, 560, 0, -699, 345, -100
16699, -53, 972, 220, -70, 490, 70, -715, 346, -97
16700, -51, 972, 226, 140, 210, 70, -706, 339, -99
16701, -50, 972, 224, 210, 210, 70, -709, 342, -100
16702, -51, 973, 224, 210, 280, 0, -702, 343, -93
16703, -64, 970, 205, -140, 1120, 70, -708, 345, -99
16704, -51, 974, 226, 210, 140, -140, -703, 339, -97
16705, -53, 972, 224, 0, 700, -140, -702, 328, -91
16706, -52, 973, 227, 140, 210, -280, -697, 348, -100
16707, -56, 972, 219, 70, 140, -280, -709, 342, -94
16708, -52, 973, 218, -630, 1470, -210, -714, 340, -103
16709, -52, 974, 222, 140, 0, -210, -709, 334, -90
16710, -52, 974, 221, 140, 210, -280, -709, 334, -106
16711, -56, 973, 218, -140, 770, -490, -702, 346, -99
16712, -61, 978, 220, 210, 0, -2800, -708, 339, -93
16713, -58, 976, 218, 0, 420, -4690, -712, 336, -99
